kotlin version: 2.3.20
error message: java.lang.StackOverflowError
	at org.jetbrains.kotlin.fir.FirCliExceptionHandler.handleExceptionOnElementAnalysis(Utils.kt:266)
	at org.jetbrains.kotlin.fir.resolve.transformers.body.resolve.FirDeclarationsResolveTransformer.transformAnonymousFunctionBody$lambda$0(FirDeclarationsResolveTransformer.kt:2448)
	at org.jetbrains.kotlin.fir.resolve.transformers.body.resolve.BodyResolveContext.withAnonymousFunction(BodyResolveContext.kt:905)
	at org.jetbrains.kotlin.fir.resolve.transformers.body.resolve.FirDeclarationsResolveTransformer.transformAnonymousFunctionBody(FirDeclarationsResolveTransformer.kt:1523)
	at org.jetbrains.kotlin.fir.resolve.transformers.body.resolve.FirDeclarationsResolveTransformer.doTransformAnonymousFunctionBodyFromCallCompletion$resolve(FirDeclarationsResolveTransformer.kt:1513)
	at org.jetbrains.kotlin.fir.resolve.inference.FirCallCompleter$LambdaAnalyzerImpl.analyzeAndGetLambdaReturnArguments$lambda$5$2(FirCallCompleter.kt:485)
	at org.jetbrains.kotlin.fir.resolve.inference.FirPCLAInferenceSession.runWithSpecifiedCurrentCommonSystem(FirPCLAInferenceSession.kt:108)
	at org.jetbrains.kotlin.fir.resolve.inference.FirPCLAInferenceSession.runLambdaCompletion(FirPCLAInferenceSession.kt:99)
	at org.jetbrains.kotlin.fir.resolve.inference.FirCallCompleter$LambdaAnalyzerImpl.analyzeAndGetLambdaReturnArguments(FirCallCompleter.kt:484)
	at org.jetbrains.kotlin.fir.resolve.inference.PostponedArgumentsAnalyzer.analyzeLambda(PostponedArgumentsAnalyzer.kt:322)
	at org.jetbrains.kotlin.fir.resolve.inference.PostponedArgumentsAnalyzer.analyzeLambda$default(PostponedArgumentsAnalyzer.kt:268)
	at org.jetbrains.kotlin.fir.resolve.inference.PostponedArgumentsAnalyzer.analyze(PostponedArgumentsAnalyzer.kt:80)
	at org.jetbrains.kotlin.fir.resolve.inference.FirCallCompleter.runCompletionForCall$lambda$0(FirCallCompleter.kt:311)
	at org.jetbrains.kotlin.fir.resolve.inference.ConstraintSystemCompleter.runCompletion$lambda$0(ConstraintSystemCompleter.kt:79)
	at org.jetbrains.kotlin.resolve.calls.inference.components.ConstraintSystemCompletionContext.analyzeArgumentWithFixedParameterTypes(ConstraintSystemCompletionContext.kt:50)
	at org.jetbrains.kotlin.fir.resolve.inference.ConstraintSystemCompleter.runCompletion(ConstraintSystemCompleter.kt:78)
	at org.jetbrains.kotlin.fir.resolve.inference.ConstraintSystemCompleter.complete(ConstraintSystemCompleter.kt:54)
	at org.jetbrains.kotlin.fir.resolve.inference.FirCallCompleter.runCompletionForCall(FirCallCompleter.kt:304)
	at org.jetbrains.kotlin.fir.resolve.inference.FirCallCompleter.completeCall(FirCallCompleter.kt:135)
	at org.jetbrains.kotlin.fir.resolve.transformers.body.resolve.FirExpressionsResolveTransformer.transformFunctionCallInternal$resolve(FirExpressionsResolveTransformer.kt:598)
	at org.jetbrains.kotlin.fir.resolve.transformers.body.resolve.FirExpressionsResolveTransformer.transformFunctionCall(FirExpressionsResolveTransformer.kt:521)
	at org.jetbrains.kotlin.fir.resolve.transformers.body.resolve.FirAbstractBodyResolveTransformerDispatcher.transformFunctionCall(FirAbstractBodyResolveTransformerDispatcher.kt:209)
	at org.jetbrains.kotlin.fir.resolve.transformers.body.resolve.FirAbstractBodyResolveTransformerDispatcher.transformFunctionCall(FirAbstractBodyResolveTransformerDispatcher.kt:27)
	at org.jetbrains.kotlin.fir.expressions.FirFunctionCall.transform(FirFunctionCall.kt:45)
	at org.jetbrains.kotlin.fir.expressions.FirExpressionUtilKt.transformStatementsIndexed(FirExpressionUtil.kt:231)
	at org.jetbrains.kotlin.fir.resolve.transformers.body.resolve.FirExpressionsResolveTransformer.transformBlockInCurrentScope$resolve(FirExpressionsResolveTransformer.kt:755)
	at org.jetbrains.kotlin.fir.resolve.transformers.body.resolve.FirExpressionsResolveTransformer.transformBlock(FirExpressionsResolveTransformer.kt:746)
	at org.jetbrains.kotlin.fir.resolve.transformers.body.resolve.FirAbstractBodyResolveTransformerDispatcher.transformBlock(FirAbstractBodyResolveTransformerDispatcher.kt:236)
	at org.jetbrains.kotlin.fir.resolve.transformers.body.resolve.FirAbstractBodyResolveTransformerDispatcher.transformBlock(FirAbstractBodyResolveTransformerDispatcher.kt:27)
	at org.jetbrains.kotlin.fir.expressions.FirBlock.transform(FirBlock.kt:33)
	at org.jetbrains.kotlin.fir.resolve.transformers.body.resolve.FirPartialBodyResolveTransformer.transformElement(FirPartialBodyResolveTransformer.kt:36)
	at org.jetbrains.kotlin.fir.resolve.transformers.body.resolve.FirPartialBodyResolveTransformer.transformElement(FirPartialBodyResolveTransformer.kt:13)
	at org.jetbrains.kotlin.fir.visitors.FirTransformer.transformBlock(FirTransformer.kt:183)
	at org.jetbrains.kotlin.fir.expressions.FirBlock.transform(FirBlock.kt:33)
	at org.jetbrains.kotlin.fir.declarations.impl.FirNamedFunctionImpl.transformBody(FirNamedFunctionImpl.kt:117)
	at org.jetbrains.kotlin.fir.declarations.impl.FirNamedFunctionImpl.transformBody(FirNamedFunctionImpl.kt:32)
	at org.jetbrains.kotlin.fir.resolve.transformers.body.resolve.FirDeclarationsResolveTransformer.transformFunctionContent(FirDeclarationsResolveTransformer.kt:1110)
	at org.jetbrains.kotlin.fir.resolve.transformers.body.resolve.FirDeclarationsResolveTransformer.transformFunctionWithGivenSignature(FirDeclarationsResolveTransformer.kt:1031)
	at org.jetbrains.kotlin.fir.resolve.transformers.body.resolve.FirDeclarationsResolveTransformer.access$transformFunctionWithGivenSignature(FirDeclarationsResolveTransformer.kt:70)
	at org.jetbrains.kotlin.fir.resolve.transformers.body.resolve.FirDeclarationsResolveTransformer.transformNamedFunction$lambda$0$0$0(FirDeclarationsResolveTransformer.kt:1023)
	at org.jetbrains.kotlin.fir.resolve.transformers.body.resolve.BodyResolveContext.withParameters(BodyResolveContext.kt:1526)
	at org.jetbrains.kotlin.fir.resolve.transformers.body.resolve.BodyResolveContext.forFunctionBody(BodyResolveContext.kt:849)
	at org.jetbrains.kotlin.fir.resolve.transformers.body.resolve.FirDeclarationsResolveTransformer.transformNamedFunction(FirDeclarationsResolveTransformer.kt:1021)
	at org.jetbrains.kotlin.fir.resolve.transformers.body.resolve.FirAbstractBodyResolveTransformerDispatcher.transformNamedFunction(FirAbstractBodyResolveTransformerDispatcher.kt:588)
	at org.jetbrains.kotlin.fir.resolve.transformers.body.resolve.FirImplicitAwareBodyResolveTransformer.transformNamedFunction$lambda$0(FirImplicitBodyResolve.kt:154)
	at org.jetbrains.kotlin.fir.resolve.transformers.body.resolve.FirImplicitAwareBodyResolveTransformer.computeCachedTransformationResult(FirImplicitBodyResolve.kt:169)
	at org.jetbrains.kotlin.fir.resolve.transformers.body.resolve.FirImplicitAwareBodyResolveTransformer.transformNamedFunction(FirImplicitBodyResolve.kt:153)
	at org.jetbrains.kotlin.fir.resolve.transformers.body.resolve.FirImplicitAwareBodyResolveTransformer.transformNamedFunction(FirImplicitBodyResolve.kt:116)
	at org.jetbrains.kotlin.fir.declarations.FirNamedFunction.transform(FirNamedFunction.kt:75)
	at org.jetbrains.kotlin.fir.expressions.FirExpressionUtilKt.transformStatementsIndexed(FirExpressionUtil.kt:231)
	at org.jetbrains.kotlin.fir.resolve.transformers.body.resolve.FirExpressionsResolveTransformer.transformBlockInCurrentScope$resolve(FirExpressionsResolveTransformer.kt:755)
	at org.jetbrains.kotlin.fir.resolve.transformers.body.resolve.FirExpressionsResolveTransformer.transformBlock(FirExpressionsResolveTransformer.kt:746)
	at org.jetbrains.kotlin.fir.resolve.transformers.body.resolve.FirAbstractBodyResolveTransformerDispatcher.transformBlock(FirAbstractBodyResolveTransformerDispatcher.kt:236)
	at org.jetbrains.kotlin.fir.resolve.transformers.body.resolve.FirAbstractBodyResolveTransformerDispatcher.transformBlock(FirAbstractBodyResolveTransformerDispatcher.kt:27)
	at org.jetbrains.kotlin.fir.expressions.FirBlock.transform(FirBlock.kt:33)
	at org.jetbrains.kotlin.fir.resolve.transformers.body.resolve.FirPartialBodyResolveTransformer.transformElement(FirPartialBodyResolveTransformer.kt:36)
	at org.jetbrains.kotlin.fir.resolve.transformers.body.resolve.FirPartialBodyResolveTransformer.transformElement(FirPartialBodyResolveTransformer.kt:13)
	at org.jetbrains.kotlin.fir.visitors.FirTransformer.transformBlock(FirTransformer.kt:183)
	at org.jetbrains.kotlin.fir.expressions.FirBlock.transform(FirBlock.kt:33)
	at org.jetbrains.kotlin.fir.declarations.impl.FirAnonymousFunctionImpl.transformBody(FirAnonymousFunctionImpl.kt:134)
	at org.jetbrains.kotlin.fir.declarations.impl.FirAnonymousFunctionImpl.transformBody(FirAnonymousFunctionImpl.kt:33)
	at org.jetbrains.kotlin.fir.resolve.transformers.body.resolve.FirDeclarationsResolveTransformer.transformFunctionContent(FirDeclarationsResolveTransformer.kt:1110)
	at org.jetbrains.kotlin.fir.resolve.transformers.body.resolve.FirDeclarationsResolveTransformer.transformAnonymousFunctionBody$lambda$0(FirDeclarationsResolveTransformer.kt:1533)
	at org.jetbrains.kotlin.fir.resolve.transformers.body.resolve.BodyResolveContext.withAnonymousFunction(BodyResolveContext.kt:905)
	at org.jetbrains.kotlin.fir.resolve.transformers.body.resolve.FirDeclarationsResolveTransformer.transformAnonymousFunctionBody(FirDeclarationsResolveTransformer.kt:1523)
	at org.jetbrains.kotlin.fir.resolve.transformers.body.resolve.FirDeclarationsResolveTransformer.doTransformAnonymousFunctionBodyFromCallCompletion$resolve(FirDeclarationsResolveTransformer.kt:1513)
	at org.jetbrains.kotlin.fir.resolve.inference.FirCallCompleter$LambdaAnalyzerImpl.analyzeAndGetLambdaReturnArguments$lambda$5$2(FirCallCompleter.kt:485)
	at org.jetbrains.kotlin.fir.resolve.inference.FirPCLAInferenceSession.runWithSpecifiedCurrentCommonSystem(FirPCLAInferenceSession.kt:108)
	at org.jetbrains.kotlin.fir.resolve.inference.FirPCLAInferenceSession.runLambdaCompletion(FirPCLAInferenceSession.kt:99)
	at org.jetbrains.kotlin.fir.resolve.inference.FirCallCompleter$LambdaAnalyzerImpl.analyzeAndGetLambdaReturnArguments(FirCallCompleter.kt:484)
	at org.jetbrains.kotlin.fir.resolve.inference.PostponedArgumentsAnalyzer.analyzeLambda(PostponedArgumentsAnalyzer.kt:322)
	at org.jetbrains.kotlin.fir.resolve.inference.PostponedArgumentsAnalyzer.analyzeLambda$default(PostponedArgumentsAnalyzer.kt:268)
	at org.jetbrains.kotlin.fir.resolve.inference.PostponedArgumentsAnalyzer.analyze(PostponedArgumentsAnalyzer.kt:80)
	at org.jetbrains.kotlin.fir.resolve.inference.FirCallCompleter.runCompletionForCall$lambda$0(FirCallCompleter.kt:311)
	at org.jetbrains.kotlin.fir.resolve.inference.ConstraintSystemCompleter.runCompletion$lambda$0(ConstraintSystemCompleter.kt:79)
	at org.jetbrains.kotlin.resolve.calls.inference.components.ConstraintSystemCompletionContext.analyzeArgumentWithFixedParameterTypes(ConstraintSystemCompletionContext.kt:50)
	at org.jetbrains.kotlin.fir.resolve.inference.ConstraintSystemCompleter.runCompletion(ConstraintSystemCompleter.kt:78)
	at org.jetbrains.kotlin.fir.resolve.inference.ConstraintSystemCompleter.complete(ConstraintSystemCompleter.kt:54)
	at org.jetbrains.kotlin.fir.resolve.inference.FirCallCompleter.runCompletionForCall(FirCallCompleter.kt:304)
	at org.jetbrains.kotlin.fir.resolve.inference.FirCallCompleter.completeCall(FirCallCompleter.kt:135)
	at org.jetbrains.kotlin.fir.resolve.transformers.body.resolve.FirExpressionsResolveTransformer.transformFunctionCallInternal$resolve(FirExpressionsResolveTransformer.kt:598)
	at org.jetbrains.kotlin.fir.resolve.transformers.body.resolve.FirExpressionsResolveTransformer.transformFunctionCall(FirExpressionsResolveTransformer.kt:521)
	at org.jetbrains.kotlin.fir.resolve.transformers.body.resolve.FirAbstractBodyResolveTransformerDispatcher.transformFunctionCall(FirAbstractBodyResolveTransformerDispatcher.kt:209)
	at org.jetbrains.kotlin.fir.resolve.transformers.body.resolve.FirAbstractBodyResolveTransformerDispatcher.transformFunctionCall(FirAbstractBodyResolveTransformerDispatcher.kt:27)
	at org.jetbrains.kotlin.fir.expressions.FirFunctionCall.transform(FirFunctionCall.kt:45)
	at org.jetbrains.kotlin.fir.expressions.FirExpressionUtilKt.transformStatementsIndexed(FirExpressionUtil.kt:231)
	at org.jetbrains.kotlin.fir.resolve.transformers.body.resolve.FirExpressionsResolveTransformer.transformBlockInCurrentScope$resolve(FirExpressionsResolveTransformer.kt:755)
	at org.jetbrains.kotlin.fir.resolve.transformers.body.resolve.FirExpressionsResolveTransformer.transformBlock(FirExpressionsResolveTransformer.kt:746)
	at org.jetbrains.kotlin.fir.resolve.transformers.body.resolve.FirAbstractBodyResolveTransformerDispatcher.transformBlock(FirAbstractBodyResolveTransformerDispatcher.kt:236)
	at org.jetbrains.kotlin.fir.resolve.transformers.body.resolve.FirAbstractBodyResolveTransformerDispatcher.transformBlock(FirAbstractBodyResolveTransformerDispatcher.kt:27)
	at org.jetbrains.kotlin.fir.expressions.FirBlock.transform(FirBlock.kt:33)
	at org.jetbrains.kotlin.fir.resolve.transformers.body.resolve.FirPartialBodyResolveTransformer.transformElement(FirPartialBodyResolveTransformer.kt:36)
	at org.jetbrains.kotlin.fir.resolve.transformers.body.resolve.FirPartialBodyResolveTransformer.transformElement(FirPartialBodyResolveTransformer.kt:13)
	at org.jetbrains.kotlin.fir.visitors.FirTransformer.transformBlock(FirTransformer.kt:183)
	at org.jetbrains.kotlin.fir.expressions.FirBlock.transform(FirBlock.kt:33)
	at org.jetbrains.kotlin.fir.declarations.impl.FirNamedFunctionImpl.transformBody(FirNamedFunctionImpl.kt:117)
	at org.jetbrains.kotlin.fir.declarations.impl.FirNamedFunctionImpl.transformBody(FirNamedFunctionImpl.kt:32)
	at org.jetbrains.kotlin.fir.resolve.transformers.body.resolve.FirDeclarationsResolveTransformer.transformFunctionContent(FirDeclarationsResolveTransformer.kt:1110)
	at org.jetbrains.kotlin.fir.resolve.transformers.body.resolve.FirDeclarationsResolveTransformer.transformFunctionWithGivenSignature(FirDeclarationsResolveTransformer.kt:1031)
	at org.jetbrains.kotlin.fir.resolve.transformers.body.resolve.FirDeclarationsResolveTransformer.access$transformFunctionWithGivenSignature(FirDeclarationsResolveTransformer.kt:70)
	at org.jetbrains.kotlin.fir.resolve.transformers.body.resolve.FirDeclarationsResolveTransformer.transformNamedFunction$lambda$0$0$0(FirDeclarationsResolveTransformer.kt:1023)
	at org.jetbrains.kotlin.fir.resolve.transformers.body.resolve.BodyResolveContext.withParameters(BodyResolveContext.kt:1526)
	at org.jetbrains.kotlin.fir.resolve.transformers.body.resolve.BodyResolveContext.forFunctionBody(BodyResolveContext.kt:849)
	at org.jetbrains.kotlin.fir.resolve.transformers.body.resolve.FirDeclarationsResolveTransformer.transformNamedFunction(FirDeclarationsResolveTransformer.kt:1021)
	at org.jetbrains.kotlin.fir.resolve.transformers.body.resolve.FirAbstractBodyResolveTransformerDispatcher.transformNamedFunction(FirAbstractBodyResolveTransformerDispatcher.kt:588)
	at org.jetbrains.kotlin.fir.resolve.transformers.body.resolve.FirImplicitAwareBodyResolveTransformer.transformNamedFunction$lambda$0(FirImplicitBodyResolve.kt:154)
	at org.jetbrains.kotlin.fir.resolve.transformers.body.resolve.FirImplicitAwareBodyResolveTransformer.computeCachedTransformationResult(FirImplicitBodyResolve.kt:169)
	at org.jetbrains.kotlin.fir.resolve.transformers.body.resolve.FirImplicitAwareBodyResolveTransformer.transformNamedFunction(FirImplicitBodyResolve.kt:153)
	at org.jetbrains.kotlin.fir.resolve.transformers.body.resolve.FirImplicitAwareBodyResolveTransformer.transformNamedFunction(FirImplicitBodyResolve.kt:116)
	at org.jetbrains.kotlin.fir.declarations.FirNamedFunction.transform(FirNamedFunction.kt:75)
	at org.jetbrains.kotlin.fir.expressions.FirExpressionUtilKt.transformStatementsIndexed(FirExpressionUtil.kt:231)
	at org.jetbrains.kotlin.fir.resolve.transformers.body.resolve.FirExpressionsResolveTransformer.transformBlockInCurrentScope$resolve(FirExpressionsResolveTransformer.kt:755)
	at org.jetbrains.kotlin.fir.resolve.transformers.body.resolve.FirExpressionsResolveTransformer.transformBlock(FirExpressionsResolveTransformer.kt:746)
	at org.jetbrains.kotlin.fir.resolve.transformers.body.resolve.FirAbstractBodyResolveTransformerDispatcher.transformBlock(FirAbstractBodyResolveTransformerDispatcher.kt:236)
	at org.jetbrains.kotlin.fir.resolve.transformers.body.resolve.FirAbstractBodyResolveTransformerDispatcher.transformBlock(FirAbstractBodyResolveTransformerDispatcher.kt:27)
	at org.jetbrains.kotlin.fir.expressions.FirBlock.transform(FirBlock.kt:33)
	at org.jetbrains.kotlin.fir.resolve.transformers.body.resolve.FirPartialBodyResolveTransformer.transformElement(FirPartialBodyResolveTransformer.kt:36)
	at org.jetbrains.kotlin.fir.resolve.transformers.body.resolve.FirPartialBodyResolveTransformer.transformElement(FirPartialBodyResolveTransformer.kt:13)
	at org.jetbrains.kotlin.fir.visitors.FirTransformer.transformBlock(FirTransformer.kt:183)
	at org.jetbrains.kotlin.fir.expressions.FirBlock.transform(FirBlock.kt:33)
	at org.jetbrains.kotlin.fir.declarations.impl.FirAnonymousFunctionImpl.transformBody(FirAnonymousFunctionImpl.kt:134)
	at org.jetbrains.kotlin.fir.declarations.impl.FirAnonymousFunctionImpl.transformBody(FirAnonymousFunctionImpl.kt:33)
	at org.jetbrains.kotlin.fir.resolve.transformers.body.resolve.FirDeclarationsResolveTransformer.transformFunctionContent(FirDeclarationsResolveTransformer.kt:1110)
	at org.jetbrains.kotlin.fir.resolve.transformers.body.resolve.FirDeclarationsResolveTransformer.transformAnonymousFunctionBody$lambda$0(FirDeclarationsResolveTransformer.kt:1533)
	at org.jetbrains.kotlin.fir.resolve.transformers.body.resolve.BodyResolveContext.withAnonymousFunction(BodyResolveContext.kt:905)
	at org.jetbrains.kotlin.fir.resolve.transformers.body.resolve.FirDeclarationsResolveTransformer.transformAnonymousFunctionBody(FirDeclarationsResolveTransformer.kt:1523)
	at org.jetbrains.kotlin.fir.resolve.transformers.body.resolve.FirDeclarationsResolveTransformer.doTransformAnonymousFunctionBodyFromCallCompletion$resolve(FirDeclarationsResolveTransformer.kt:1513)
	at org.jetbrains.kotlin.fir.resolve.inference.FirCallCompleter$LambdaAnalyzerImpl.analyzeAndGetLambdaReturnArguments$lambda$5$2(FirCallCompleter.kt:485)
	at org.jetbrains.kotlin.fir.resolve.inference.FirPCLAInferenceSession.runWithSpecifiedCurrentCommonSystem(FirPCLAInferenceSession.kt:108)
	at org.jetbrains.kotlin.fir.resolve.inference.FirPCLAInferenceSession.runLambdaCompletion(FirPCLAInferenceSession.kt:99)
	at org.jetbrains.kotlin.fir.resolve.inference.FirCallCompleter$LambdaAnalyzerImpl.analyzeAndGetLambdaReturnArguments(FirCallCompleter.kt:484)
	at org.jetbrains.kotlin.fir.resolve.inference.PostponedArgumentsAnalyzer.analyzeLambda(PostponedArgumentsAnalyzer.kt:322)
	at org.jetbrains.kotlin.fir.resolve.inference.PostponedArgumentsAnalyzer.analyzeLambda$default(PostponedArgumentsAnalyzer.kt:268)
	at org.jetbrains.kotlin.fir.resolve.inference.PostponedArgumentsAnalyzer.analyze(PostponedArgumentsAnalyzer.kt:80)
	at org.jetbrains.kotlin.fir.resolve.inference.FirCallCompleter.runCompletionForCall$lambda$0(FirCallCompleter.kt:311)
	at org.jetbrains.kotlin.fir.resolve.inference.ConstraintSystemCompleter.runCompletion$lambda$0(ConstraintSystemCompleter.kt:79)
	at org.jetbrains.kotlin.resolve.calls.inference.components.ConstraintSystemCompletionContext.analyzeArgumentWithFixedParameterTypes(ConstraintSystemCompletionContext.kt:50)
	at org.jetbrains.kotlin.fir.resolve.inference.ConstraintSystemCompleter.runCompletion(ConstraintSystemCompleter.kt:78)
	at org.jetbrains.kotlin.fir.resolve.inference.ConstraintSystemCompleter.complete(ConstraintSystemCompleter.kt:54)
	at org.jetbrains.kotlin.fir.resolve.inference.FirCallCompleter.runCompletionForCall(FirCallCompleter.kt:304)
	at org.jetbrains.kotlin.fir.resolve.inference.FirCallCompleter.completeCall(FirCallCompleter.kt:135)
	at org.jetbrains.kotlin.fir.resolve.transformers.body.resolve.FirExpressionsResolveTransformer.transformFunctionCallInternal$resolve(FirExpressionsResolveTransformer.kt:598)
	at org.jetbrains.kotlin.fir.resolve.transformers.body.resolve.FirExpressionsResolveTransformer.transformFunctionCall(FirExpressionsResolveTransformer.kt:521)
	at org.jetbrains.kotlin.fir.resolve.transformers.body.resolve.FirAbstractBodyResolveTransformerDispatcher.transformFunctionCall(FirAbstractBodyResolveTransformerDispatcher.kt:209)
	at org.jetbrains.kotlin.fir.resolve.transformers.body.resolve.FirAbstractBodyResolveTransformerDispatcher.transformFunctionCall(FirAbstractBodyResolveTransformerDispatcher.kt:27)
	at org.jetbrains.kotlin.fir.expressions.FirFunctionCall.transform(FirFunctionCall.kt:45)
	at org.jetbrains.kotlin.fir.expressions.FirExpressionUtilKt.transformStatementsIndexed(FirExpressionUtil.kt:231)
	at org.jetbrains.kotlin.fir.resolve.transformers.body.resolve.FirExpressionsResolveTransformer.transformBlockInCurrentScope$resolve(FirExpressionsResolveTransformer.kt:755)
	at org.jetbrains.kotlin.fir.resolve.transformers.body.resolve.FirExpressionsResolveTransformer.transformBlock(FirExpressionsResolveTransformer.kt:746)
	at org.jetbrains.kotlin.fir.resolve.transformers.body.resolve.FirAbstractBodyResolveTransformerDispatcher.transformBlock(FirAbstractBodyResolveTransformerDispatcher.kt:236)
	at org.jetbrains.kotlin.fir.resolve.transformers.body.resolve.FirAbstractBodyResolveTransformerDispatcher.transformBlock(FirAbstractBodyResolveTransformerDispatcher.kt:27)
	at org.jetbrains.kotlin.fir.expressions.FirBlock.transform(FirBlock.kt:33)
	at org.jetbrains.kotlin.fir.resolve.transformers.body.resolve.FirPartialBodyResolveTransformer.transformElement(FirPartialBodyResolveTransformer.kt:36)
	at org.jetbrains.kotlin.fir.resolve.transformers.body.resolve.FirPartialBodyResolveTransformer.transformElement(FirPartialBodyResolveTransformer.kt:13)
	at org.jetbrains.kotlin.fir.visitors.FirTransformer.transformBlock(FirTransformer.kt:183)
	at org.jetbrains.kotlin.fir.expressions.FirBlock.transform(FirBlock.kt:33)
	at org.jetbrains.kotlin.fir.declarations.impl.FirNamedFunctionImpl.transformBody(FirNamedFunctionImpl.kt:117)
	at org.jetbrains.kotlin.fir.declarations.impl.FirNamedFunctionImpl.transformBody(FirNamedFunctionImpl.kt:32)
	at org.jetbrains.kotlin.fir.resolve.transformers.body.resolve.FirDeclarationsResolveTransformer.transformFunctionContent(FirDeclarationsResolveTransformer.kt:1110)
	at org.jetbrains.kotlin.fir.resolve.transformers.body.resolve.FirDeclarationsResolveTransformer.transformFunctionWithGivenSignature(FirDeclarationsResolveTransformer.kt:1031)
	at org.jetbrains.kotlin.fir.resolve.transformers.body.resolve.FirDeclarationsResolveTransformer.access$transformFunctionWithGivenSignature(FirDeclarationsResolveTransformer.kt:70)
	at org.jetbrains.kotlin.fir.resolve.transformers.body.resolve.FirDeclarationsResolveTransformer.transformNamedFunction$lambda$0$0$0(FirDeclarationsResolveTransformer.kt:1023)
	at org.jetbrains.kotlin.fir.resolve.transformers.body.resolve.BodyResolveContext.withParameters(BodyResolveContext.kt:1526)
	at org.jetbrains.kotlin.fir.resolve.transformers.body.resolve.BodyResolveContext.forFunctionBody(BodyResolveContext.kt:849)
	at org.jetbrains.kotlin.fir.resolve.transformers.body.resolve.FirDeclarationsResolveTransformer.transformNamedFunction(FirDeclarationsResolveTransformer.kt:1021)
	at org.jetbrains.kotlin.fir.resolve.transformers.body.resolve.FirAbstractBodyResolveTransformerDispatcher.transformNamedFunction(FirAbstractBodyResolveTransformerDispatcher.kt:588)
	at org.jetbrains.kotlin.fir.resolve.transformers.body.resolve.FirImplicitAwareBodyResolveTransformer.transformNamedFunction$lambda$0(FirImplicitBodyResolve.kt:154)
	at org.jetbrains.kotlin.fir.resolve.transformers.body.resolve.FirImplicitAwareBodyResolveTransformer.computeCachedTransformationResult(FirImplicitBodyResolve.kt:169)
	at org.jetbrains.kotlin.fir.resolve.transformers.body.resolve.FirImplicitAwareBodyResolveTransformer.transformNamedFunction(FirImplicitBodyResolve.kt:153)
	at org.jetbrains.kotlin.fir.resolve.transformers.body.resolve.FirImplicitAwareBodyResolveTransformer.transformNamedFunction(FirImplicitBodyResolve.kt:116)
	at org.jetbrains.kotlin.fir.declarations.FirNamedFunction.transform(FirNamedFunction.kt:75)
	at org.jetbrains.kotlin.fir.expressions.FirExpressionUtilKt.transformStatementsIndexed(FirExpressionUtil.kt:231)
	at org.jetbrains.kotlin.fir.resolve.transformers.body.resolve.FirExpressionsResolveTransformer.transformBlockInCurrentScope$resolve(FirExpressionsResolveTransformer.kt:755)
	at org.jetbrains.kotlin.fir.resolve.transformers.body.resolve.FirExpressionsResolveTransformer.transformBlock(FirExpressionsResolveTransformer.kt:746)
	at org.jetbrains.kotlin.fir.resolve.transformers.body.resolve.FirAbstractBodyResolveTransformerDispatcher.transformBlock(FirAbstractBodyResolveTransformerDispatcher.kt:236)
	at org.jetbrains.kotlin.fir.resolve.transformers.body.resolve.FirAbstractBodyResolveTransformerDispatcher.transformBlock(FirAbstractBodyResolveTransformerDispatcher.kt:27)
	at org.jetbrains.kotlin.fir.expressions.FirBlock.transform(FirBlock.kt:33)
	at org.jetbrains.kotlin.fir.resolve.transformers.body.resolve.FirPartialBodyResolveTransformer.transformElement(FirPartialBodyResolveTransformer.kt:36)
	at org.jetbrains.kotlin.fir.resolve.transformers.body.resolve.FirPartialBodyResolveTransformer.transformElement(FirPartialBodyResolveTransformer.kt:13)
	at org.jetbrains.kotlin.fir.visitors.FirTransformer.transformBlock(FirTransformer.kt:183)
	at org.jetbrains.kotlin.fir.expressions.FirBlock.transform(FirBlock.kt:33)
	at org.jetbrains.kotlin.fir.declarations.impl.FirAnonymousFunctionImpl.transformBody(FirAnonymousFunctionImpl.kt:134)
	at org.jetbrains.kotlin.fir.declarations.impl.FirAnonymousFunctionImpl.transformBody(FirAnonymousFunctionImpl.kt:33)
	at org.jetbrains.kotlin.fir.resolve.transformers.body.resolve.FirDeclarationsResolveTransformer.transformFunctionContent(FirDeclarationsResolveTransformer.kt:1110)
	at org.jetbrains.kotlin.fir.resolve.transformers.body.resolve.FirDeclarationsResolveTransformer.transformAnonymousFunctionBody$lambda$0(FirDeclarationsResolveTransformer.kt:1533)
	at org.jetbrains.kotlin.fir.resolve.transformers.body.resolve.BodyResolveContext.withAnonymousFunction(BodyResolveContext.kt:905)
	at org.jetbrains.kotlin.fir.resolve.transformers.body.resolve.FirDeclarationsResolveTransformer.transformAnonymousFunctionBody(FirDeclarationsResolveTransformer.kt:1523)
	at org.jetbrains.kotlin.fir.resolve.transformers.body.resolve.FirDeclarationsResolveTransformer.doTransformAnonymousFunctionBodyFromCallCompletion$resolve(FirDeclarationsResolveTransformer.kt:1513)
	at org.jetbrains.kotlin.fir.resolve.inference.FirCallCompleter$LambdaAnalyzerImpl.analyzeAndGetLambdaReturnArguments$lambda$5$2(FirCallCompleter.kt:485)
	at org.jetbrains.kotlin.fir.resolve.inference.FirPCLAInferenceSession.runWithSpecifiedCurrentCommonSystem(FirPCLAInferenceSession.kt:108)
	at org.jetbrains.kotlin.fir.resolve.inference.FirPCLAInferenceSession.runLambdaCompletion(FirPCLAInferenceSession.kt:99)
	at org.jetbrains.kotlin.fir.resolve.inference.FirCallCompleter$LambdaAnalyzerImpl.analyzeAndGetLambdaReturnArguments(FirCallCompleter.kt:484)
	at org.jetbrains.kotlin.fir.resolve.inference.PostponedArgumentsAnalyzer.analyzeLambda(PostponedArgumentsAnalyzer.kt:322)
	at org.jetbrains.kotlin.fir.resolve.inference.PostponedArgumentsAnalyzer.analyzeLambda$default(PostponedArgumentsAnalyzer.kt:268)
	at org.jetbrains.kotlin.fir.resolve.inference.PostponedArgumentsAnalyzer.analyze(PostponedArgumentsAnalyzer.kt:80)
	at org.jetbrains.kotlin.fir.resolve.inference.FirCallCompleter.runCompletionForCall$lambda$0(FirCallCompleter.kt:311)
	at org.jetbrains.kotlin.fir.resolve.inference.ConstraintSystemCompleter.runCompletion$lambda$0(ConstraintSystemCompleter.kt:79)
	at org.jetbrains.kotlin.resolve.calls.inference.components.ConstraintSystemCompletionContext.analyzeArgumentWithFixedParameterTypes(ConstraintSystemCompletionContext.kt:50)
	at org.jetbrains.kotlin.fir.resolve.inference.ConstraintSystemCompleter.runCompletion(ConstraintSystemCompleter.kt:78)
	at org.jetbrains.kotlin.fir.resolve.inference.ConstraintSystemCompleter.complete(ConstraintSystemCompleter.kt:54)
	at org.jetbrains.kotlin.fir.resolve.inference.FirCallCompleter.runCompletionForCall(FirCallCompleter.kt:304)
	at org.jetbrains.kotlin.fir.resolve.inference.FirCallCompleter.completeCall(FirCallCompleter.kt:135)
	at org.jetbrains.kotlin.fir.resolve.transformers.body.resolve.FirExpressionsResolveTransformer.transformFunctionCallInternal$resolve(FirExpressionsResolveTransformer.kt:598)
	at org.jetbrains.kotlin.fir.resolve.transformers.body.resolve.FirExpressionsResolveTransformer.transformFunctionCall(FirExpressionsResolveTransformer.kt:521)
	at org.jetbrains.kotlin.fir.resolve.transformers.body.resolve.FirAbstractBodyResolveTransformerDispatcher.transformFunctionCall(FirAbstractBodyResolveTransformerDispatcher.kt:209)
	at org.jetbrains.kotlin.fir.resolve.transformers.body.resolve.FirAbstractBodyResolveTransformerDispatcher.transformFunctionCall(FirAbstractBodyResolveTransformerDispatcher.kt:27)
	at org.jetbrains.kotlin.fir.expressions.FirFunctionCall.transform(FirFunctionCall.kt:45)
	at org.jetbrains.kotlin.fir.expressions.FirExpressionUtilKt.transformStatementsIndexed(FirExpressionUtil.kt:231)
	at org.jetbrains.kotlin.fir.resolve.transformers.body.resolve.FirExpressionsResolveTransformer.transformBlockInCurrentScope$resolve(FirExpressionsResolveTransformer.kt:755)
	at org.jetbrains.kotlin.fir.resolve.transformers.body.resolve.FirExpressionsResolveTransformer.transformBlock(FirExpressionsResolveTransformer.kt:746)
	at org.jetbrains.kotlin.fir.resolve.transformers.body.resolve.FirAbstractBodyResolveTransformerDispatcher.transformBlock(FirAbstractBodyResolveTransformerDispatcher.kt:236)
	at org.jetbrains.kotlin.fir.resolve.transformers.body.resolve.FirAbstractBodyResolveTransformerDispatcher.transformBlock(FirAbstractBodyResolveTransformerDispatcher.kt:27)
	at org.jetbrains.kotlin.fir.expressions.FirBlock.transform(FirBlock.kt:33)
	at org.jetbrains.kotlin.fir.resolve.transformers.body.resolve.FirPartialBodyResolveTransformer.transformElement(FirPartialBodyResolveTransformer.kt:36)
	at org.jetbrains.kotlin.fir.resolve.transformers.body.resolve.FirPartialBodyResolveTransformer.transformElement(FirPartialBodyResolveTransformer.kt:13)
	at org.jetbrains.kotlin.fir.visitors.FirTransformer.transformBlock(FirTransformer.kt:183)
	at org.jetbrains.kotlin.fir.expressions.FirBlock.transform(FirBlock.kt:33)
	at org.jetbrains.kotlin.fir.declarations.impl.FirNamedFunctionImpl.transformBody(FirNamedFunctionImpl.kt:117)
	at org.jetbrains.kotlin.fir.declarations.impl.FirNamedFunctionImpl.transformBody(FirNamedFunctionImpl.kt:32)
	at org.jetbrains.kotlin.fir.resolve.transformers.body.resolve.FirDeclarationsResolveTransformer.transformFunctionContent(FirDeclarationsResolveTransformer.kt:1110)
	at org.jetbrains.kotlin.fir.resolve.transformers.body.resolve.FirDeclarationsResolveTransformer.transformFunctionWithGivenSignature(FirDeclarationsResolveTransformer.kt:1031)
	at org.jetbrains.kotlin.fir.resolve.transformers.body.resolve.FirDeclarationsResolveTransformer.access$transformFunctionWithGivenSignature(FirDeclarationsResolveTransformer.kt:70)
	at org.jetbrains.kotlin.fir.resolve.transformers.body.resolve.FirDeclarationsResolveTransformer.transformNamedFunction$lambda$0$0$0(FirDeclarationsResolveTransformer.kt:1023)
	at org.jetbrains.kotlin.fir.resolve.transformers.body.resolve.BodyResolveContext.withParameters(BodyResolveContext.kt:1526)
	at org.jetbrains.kotlin.fir.resolve.transformers.body.resolve.BodyResolveContext.forFunctionBody(BodyResolveContext.kt:849)
	at org.jetbrains.kotlin.fir.resolve.transformers.body.resolve.FirDeclarationsResolveTransformer.transformNamedFunction(FirDeclarationsResolveTransformer.kt:1021)
	at org.jetbrains.kotlin.fir.resolve.transformers.body.resolve.FirAbstractBodyResolveTransformerDispatcher.transformNamedFunction(FirAbstractBodyResolveTransformerDispatcher.kt:588)
	at org.jetbrains.kotlin.fir.resolve.transformers.body.resolve.FirImplicitAwareBodyResolveTransformer.transformNamedFunction$lambda$0(FirImplicitBodyResolve.kt:154)
	at org.jetbrains.kotlin.fir.resolve.transformers.body.resolve.FirImplicitAwareBodyResolveTransformer.computeCachedTransformationResult(FirImplicitBodyResolve.kt:169)
	at org.jetbrains.kotlin.fir.resolve.transformers.body.resolve.FirImplicitAwareBodyResolveTransformer.transformNamedFunction(FirImplicitBodyResolve.kt:153)
	at org.jetbrains.kotlin.fir.resolve.transformers.body.resolve.FirImplicitAwareBodyResolveTransformer.transformNamedFunction(FirImplicitBodyResolve.kt:116)
	at org.jetbrains.kotlin.fir.declarations.FirNamedFunction.transform(FirNamedFunction.kt:75)
	at org.jetbrains.kotlin.fir.expressions.FirExpressionUtilKt.transformStatementsIndexed(FirExpressionUtil.kt:231)
	at org.jetbrains.kotlin.fir.resolve.transformers.body.resolve.FirExpressionsResolveTransformer.transformBlockInCurrentScope$resolve(FirExpressionsResolveTransformer.kt:755)
	at org.jetbrains.kotlin.fir.resolve.transformers.body.resolve.FirExpressionsResolveTransformer.transformBlock(FirExpressionsResolveTransformer.kt:746)
	at org.jetbrains.kotlin.fir.resolve.transformers.body.resolve.FirAbstractBodyResolveTransformerDispatcher.transformBlock(FirAbstractBodyResolveTransformerDispatcher.kt:236)
	at org.jetbrains.kotlin.fir.resolve.transformers.body.resolve.FirAbstractBodyResolveTransformerDispatcher.transformBlock(FirAbstractBodyResolveTransformerDispatcher.kt:27)
	at org.jetbrains.kotlin.fir.expressions.FirBlock.transform(FirBlock.kt:33)
	at org.jetbrains.kotlin.fir.resolve.transformers.body.resolve.FirPartialBodyResolveTransformer.transformElement(FirPartialBodyResolveTransformer.kt:36)
	at org.jetbrains.kotlin.fir.resolve.transformers.body.resolve.FirPartialBodyResolveTransformer.transformElement(FirPartialBodyResolveTransformer.kt:13)
	at org.jetbrains.kotlin.fir.visitors.FirTransformer.transformBlock(FirTransformer.kt:183)
	at org.jetbrains.kotlin.fir.expressions.FirBlock.transform(FirBlock.kt:33)
	at org.jetbrains.kotlin.fir.declarations.impl.FirAnonymousFunctionImpl.transformBody(FirAnonymousFunctionImpl.kt:134)
	at org.jetbrains.kotlin.fir.declarations.impl.FirAnonymousFunctionImpl.transformBody(FirAnonymousFunctionImpl.kt:33)
	at org.jetbrains.kotlin.fir.resolve.transformers.body.resolve.FirDeclarationsResolveTransformer.transformFunctionContent(FirDeclarationsResolveTransformer.kt:1110)
	at org.jetbrains.kotlin.fir.resolve.transformers.body.resolve.FirDeclarationsResolveTransformer.transformAnonymousFunctionBody$lambda$0(FirDeclarationsResolveTransformer.kt:1533)
	at org.jetbrains.kotlin.fir.resolve.transformers.body.resolve.BodyResolveContext.withAnonymousFunction(BodyResolveContext.kt:905)
	at org.jetbrains.kotlin.fir.resolve.transformers.body.resolve.FirDeclarationsResolveTransformer.transformAnonymousFunctionBody(FirDeclarationsResolveTransformer.kt:1523)
	at org.jetbrains.kotlin.fir.resolve.transformers.body.resolve.FirDeclarationsResolveTransformer.doTransformAnonymousFunctionBodyFromCallCompletion$resolve(FirDeclarationsResolveTransformer.kt:1513)
	at org.jetbrains.kotlin.fir.resolve.inference.FirCallCompleter$LambdaAnalyzerImpl.analyzeAndGetLambdaReturnArguments$lambda$5$2(FirCallCompleter.kt:485)
	at org.jetbrains.kotlin.fir.resolve.inference.FirPCLAInferenceSession.runWithSpecifiedCurrentCommonSystem(FirPCLAInferenceSession.kt:108)
	at org.jetbrains.kotlin.fir.resolve.inference.FirPCLAInferenceSession.runLambdaCompletion(FirPCLAInferenceSession.kt:99)
	at org.jetbrains.kotlin.fir.resolve.inference.FirCallCompleter$LambdaAnalyzerImpl.analyzeAndGetLambdaReturnArguments(FirCallCompleter.kt:484)
	at org.jetbrains.kotlin.fir.resolve.inference.PostponedArgumentsAnalyzer.analyzeLambda(PostponedArgumentsAnalyzer.kt:322)
	at org.jetbrains.kotlin.fir.resolve.inference.PostponedArgumentsAnalyzer.analyzeLambda$default(PostponedArgumentsAnalyzer.kt:268)
	at org.jetbrains.kotlin.fir.resolve.inference.PostponedArgumentsAnalyzer.analyze(PostponedArgumentsAnalyzer.kt:80)
	at org.jetbrains.kotlin.fir.resolve.inference.FirCallCompleter.runCompletionForCall$lambda$0(FirCallCompleter.kt:311)
	at org.jetbrains.kotlin.fir.resolve.inference.ConstraintSystemCompleter.runCompletion$lambda$0(ConstraintSystemCompleter.kt:79)
	at org.jetbrains.kotlin.resolve.calls.inference.components.ConstraintSystemCompletionContext.analyzeArgumentWithFixedParameterTypes(ConstraintSystemCompletionContext.kt:50)
	at org.jetbrains.kotlin.fir.resolve.inference.ConstraintSystemCompleter.runCompletion(ConstraintSystemCompleter.kt:78)
	at org.jetbrains.kotlin.fir.resolve.inference.ConstraintSystemCompleter.complete(ConstraintSystemCompleter.kt:54)
	at org.jetbrains.kotlin.fir.resolve.inference.FirCallCompleter.runCompletionForCall(FirCallCompleter.kt:304)
	at org.jetbrains.kotlin.fir.resolve.inference.FirCallCompleter.completeCall(FirCallCompleter.kt:135)
	at org.jetbrains.kotlin.fir.resolve.transformers.body.resolve.FirExpressionsResolveTransformer.transformFunctionCallInternal$resolve(FirExpressionsResolveTransformer.kt:598)
	at org.jetbrains.kotlin.fir.resolve.transformers.body.resolve.FirExpressionsResolveTransformer.transformFunctionCall(FirExpressionsResolveTransformer.kt:521)
	at org.jetbrains.kotlin.fir.resolve.transformers.body.resolve.FirAbstractBodyResolveTransformerDispatcher.transformFunctionCall(FirAbstractBodyResolveTransformerDispatcher.kt:209)
	at org.jetbrains.kotlin.fir.resolve.transformers.body.resolve.FirAbstractBodyResolveTransformerDispatcher.transformFunctionCall(FirAbstractBodyResolveTransformerDispatcher.kt:27)
	at org.jetbrains.kotlin.fir.expressions.FirFunctionCall.transform(FirFunctionCall.kt:45)
	at org.jetbrains.kotlin.fir.expressions.FirExpressionUtilKt.transformStatementsIndexed(FirExpressionUtil.kt:231)
	at org.jetbrains.kotlin.fir.resolve.transformers.body.resolve.FirExpressionsResolveTransformer.transformBlockInCurrentScope$resolve(FirExpressionsResolveTransformer.kt:755)
	at org.jetbrains.kotlin.fir.resolve.transformers.body.resolve.FirExpressionsResolveTransformer.transformBlock(FirExpressionsResolveTransformer.kt:746)
	at org.jetbrains.kotlin.fir.resolve.transformers.body.resolve.FirAbstractBodyResolveTransformerDispatcher.transformBlock(FirAbstractBodyResolveTransformerDispatcher.kt:236)
	at org.jetbrains.kotlin.fir.resolve.transformers.body.resolve.FirAbstractBodyResolveTransformerDispatcher.transformBlock(FirAbstractBodyResolveTransformerDispatcher.kt:27)
	at org.jetbrains.kotlin.fir.expressions.FirBlock.transform(FirBlock.kt:33)
	at org.jetbrains.kotlin.fir.resolve.transformers.body.resolve.FirPartialBodyResolveTransformer.transformElement(FirPartialBodyResolveTransformer.kt:36)
	at org.jetbrains.kotlin.fir.resolve.transformers.body.resolve.FirPartialBodyResolveTransformer.transformElement(FirPartialBodyResolveTransformer.kt:13)
	at org.jetbrains.kotlin.fir.visitors.FirTransformer.transformBlock(FirTransformer.kt:183)
	at org.jetbrains.kotlin.fir.expressions.FirBlock.transform(FirBlock.kt:33)
	at org.jetbrains.kotlin.fir.declarations.impl.FirNamedFunctionImpl.transformBody(FirNamedFunctionImpl.kt:117)
	at org.jetbrains.kotlin.fir.declarations.impl.FirNamedFunctionImpl.transformBody(FirNamedFunctionImpl.kt:32)
	at org.jetbrains.kotlin.fir.resolve.transformers.body.resolve.FirDeclarationsResolveTransformer.transformFunctionContent(FirDeclarationsResolveTransformer.kt:1110)
	at org.jetbrains.kotlin.fir.resolve.transformers.body.resolve.FirDeclarationsResolveTransformer.transformFunctionWithGivenSignature(FirDeclarationsResolveTransformer.kt:1031)
	at org.jetbrains.kotlin.fir.resolve.transformers.body.resolve.FirDeclarationsResolveTransformer.access$transformFunctionWithGivenSignature(FirDeclarationsResolveTransformer.kt:70)
	at org.jetbrains.kotlin.fir.resolve.transformers.body.resolve.FirDeclarationsResolveTransformer.transformNamedFunction$lambda$0$0$0(FirDeclarationsResolveTransformer.kt:1023)
	at org.jetbrains.kotlin.fir.resolve.transformers.body.resolve.BodyResolveContext.withParameters(BodyResolveContext.kt:1526)
	at org.jetbrains.kotlin.fir.resolve.transformers.body.resolve.BodyResolveContext.forFunctionBody(BodyResolveContext.kt:849)
	at org.jetbrains.kotlin.fir.resolve.transformers.body.resolve.FirDeclarationsResolveTransformer.transformNamedFunction(FirDeclarationsResolveTransformer.kt:1021)
	at org.jetbrains.kotlin.fir.resolve.transformers.body.resolve.FirAbstractBodyResolveTransformerDispatcher.transformNamedFunction(FirAbstractBodyResolveTransformerDispatcher.kt:588)
	at org.jetbrains.kotlin.fir.resolve.transformers.body.resolve.FirImplicitAwareBodyResolveTransformer.transformNamedFunction$lambda$0(FirImplicitBodyResolve.kt:154)
	at org.jetbrains.kotlin.fir.resolve.transformers.body.resolve.FirImplicitAwareBodyResolveTransformer.computeCachedTransformationResult(FirImplicitBodyResolve.kt:169)
	at org.jetbrains.kotlin.fir.resolve.transformers.body.resolve.FirImplicitAwareBodyResolveTransformer.transformNamedFunction(FirImplicitBodyResolve.kt:153)
	at org.jetbrains.kotlin.fir.resolve.transformers.body.resolve.FirImplicitAwareBodyResolveTransformer.transformNamedFunction(FirImplicitBodyResolve.kt:116)
	at org.jetbrains.kotlin.fir.declarations.FirNamedFunction.transform(FirNamedFunction.kt:75)
	at org.jetbrains.kotlin.fir.expressions.FirExpressionUtilKt.transformStatementsIndexed(FirExpressionUtil.kt:231)
	at org.jetbrains.kotlin.fir.resolve.transformers.body.resolve.FirExpressionsResolveTransformer.transformBlockInCurrentScope$resolve(FirExpressionsResolveTransformer.kt:755)
	at org.jetbrains.kotlin.fir.resolve.transformers.body.resolve.FirExpressionsResolveTransformer.transformBlock(FirExpressionsResolveTransformer.kt:746)
	at org.jetbrains.kotlin.fir.resolve.transformers.body.resolve.FirAbstractBodyResolveTransformerDispatcher.transformBlock(FirAbstractBodyResolveTransformerDispatcher.kt:236)
	at org.jetbrains.kotlin.fir.resolve.transformers.body.resolve.FirAbstractBodyResolveTransformerDispatcher.transformBlock(FirAbstractBodyResolveTransformerDispatcher.kt:27)
	at org.jetbrains.kotlin.fir.expressions.FirBlock.transform(FirBlock.kt:33)
	at org.jetbrains.kotlin.fir.resolve.transformers.body.resolve.FirPartialBodyResolveTransformer.transformElement(FirPartialBodyResolveTransformer.kt:36)
	at org.jetbrains.kotlin.fir.resolve.transformers.body.resolve.FirPartialBodyResolveTransformer.transformElement(FirPartialBodyResolveTransformer.kt:13)
	at org.jetbrains.kotlin.fir.visitors.FirTransformer.transformBlock(FirTransformer.kt:183)
	at org.jetbrains.kotlin.fir.expressions.FirBlock.transform(FirBlock.kt:33)
	at org.jetbrains.kotlin.fir.declarations.impl.FirAnonymousFunctionImpl.transformBody(FirAnonymousFunctionImpl.kt:134)
	at org.jetbrains.kotlin.fir.declarations.impl.FirAnonymousFunctionImpl.transformBody(FirAnonymousFunctionImpl.kt:33)
	at org.jetbrains.kotlin.fir.resolve.transformers.body.resolve.FirDeclarationsResolveTransformer.transformFunctionContent(FirDeclarationsResolveTransformer.kt:1110)
	at org.jetbrains.kotlin.fir.resolve.transformers.body.resolve.FirDeclarationsResolveTransformer.transformAnonymousFunctionBody$lambda$0(FirDeclarationsResolveTransformer.kt:1533)
	at org.jetbrains.kotlin.fir.resolve.transformers.body.resolve.BodyResolveContext.withAnonymousFunction(BodyResolveContext.kt:905)
	at org.jetbrains.kotlin.fir.resolve.transformers.body.resolve.FirDeclarationsResolveTransformer.transformAnonymousFunctionBody(FirDeclarationsResolveTransformer.kt:1523)
	at org.jetbrains.kotlin.fir.resolve.transformers.body.resolve.FirDeclarationsResolveTransformer.doTransformAnonymousFunctionBodyFromCallCompletion$resolve(FirDeclarationsResolveTransformer.kt:1513)
	at org.jetbrains.kotlin.fir.resolve.inference.FirCallCompleter$LambdaAnalyzerImpl.analyzeAndGetLambdaReturnArguments$lambda$5$2(FirCallCompleter.kt:485)
	at org.jetbrains.kotlin.fir.resolve.inference.FirPCLAInferenceSession.runWithSpecifiedCurrentCommonSystem(FirPCLAInferenceSession.kt:108)
	at org.jetbrains.kotlin.fir.resolve.inference.FirPCLAInferenceSession.runLambdaCompletion(FirPCLAInferenceSession.kt:99)
	at org.jetbrains.kotlin.fir.resolve.inference.FirCallCompleter$LambdaAnalyzerImpl.analyzeAndGetLambdaReturnArguments(FirCallCompleter.kt:484)
	at org.jetbrains.kotlin.fir.resolve.inference.PostponedArgumentsAnalyzer.analyzeLambda(PostponedArgumentsAnalyzer.kt:322)
	at org.jetbrains.kotlin.fir.resolve.inference.PostponedArgumentsAnalyzer.analyzeLambda$default(PostponedArgumentsAnalyzer.kt:268)
	at org.jetbrains.kotlin.fir.resolve.inference.PostponedArgumentsAnalyzer.analyze(PostponedArgumentsAnalyzer.kt:80)
	at org.jetbrains.kotlin.fir.resolve.inference.FirCallCompleter.runCompletionForCall$lambda$0(FirCallCompleter.kt:311)
	at org.jetbrains.kotlin.fir.resolve.inference.ConstraintSystemCompleter.runCompletion$lambda$0(ConstraintSystemCompleter.kt:79)
	at org.jetbrains.kotlin.resolve.calls.inference.components.ConstraintSystemCompletionContext.analyzeArgumentWithFixedParameterTypes(ConstraintSystemCompletionContext.kt:50)
	at org.jetbrains.kotlin.fir.resolve.inference.ConstraintSystemCompleter.runCompletion(ConstraintSystemCompleter.kt:78)
	at org.jetbrains.kotlin.fir.resolve.inference.ConstraintSystemCompleter.complete(ConstraintSystemCompleter.kt:54)
	at org.jetbrains.kotlin.fir.resolve.inference.FirCallCompleter.runCompletionForCall(FirCallCompleter.kt:304)
	at org.jetbrains.kotlin.fir.resolve.inference.FirCallCompleter.completeCall(FirCallCompleter.kt:135)
	at org.jetbrains.kotlin.fir.resolve.transformers.body.resolve.FirExpressionsResolveTransformer.transformFunctionCallInternal$resolve(FirExpressionsResolveTransformer.kt:598)
	at org.jetbrains.kotlin.fir.resolve.transformers.body.resolve.FirExpressionsResolveTransformer.transformFunctionCall(FirExpressionsResolveTransformer.kt:521)
	at org.jetbrains.kotlin.fir.resolve.transformers.body.resolve.FirAbstractBodyResolveTransformerDispatcher.transformFunctionCall(FirAbstractBodyResolveTransformerDispatcher.kt:209)
	at org.jetbrains.kotlin.fir.resolve.transformers.body.resolve.FirAbstractBodyResolveTransformerDispatcher.transformFunctionCall(FirAbstractBodyResolveTransformerDispatcher.kt:27)
	at org.jetbrains.kotlin.fir.expressions.FirFunctionCall.transform(FirFunctionCall.kt:45)
	at org.jetbrains.kotlin.fir.expressions.FirExpressionUtilKt.transformStatementsIndexed(FirExpressionUtil.kt:231)
	at org.jetbrains.kotlin.fir.resolve.transformers.body.resolve.FirExpressionsResolveTransformer.transformBlockInCurrentScope$resolve(FirExpressionsResolveTransformer.kt:755)
	at org.jetbrains.kotlin.fir.resolve.transformers.body.resolve.FirExpressionsResolveTransformer.transformBlock(FirExpressionsResolveTransformer.kt:746)
	at org.jetbrains.kotlin.fir.resolve.transformers.body.resolve.FirAbstractBodyResolveTransformerDispatcher.transformBlock(FirAbstractBodyResolveTransformerDispatcher.kt:236)
	at org.jetbrains.kotlin.fir.resolve.transformers.body.resolve.FirAbstractBodyResolveTransformerDispatcher.transformBlock(FirAbstractBodyResolveTransformerDispatcher.kt:27)
	at org.jetbrains.kotlin.fir.expressions.FirBlock.transform(FirBlock.kt:33)
	at org.jetbrains.kotlin.fir.resolve.transformers.body.resolve.FirPartialBodyResolveTransformer.transformElement(FirPartialBodyResolveTransformer.kt:36)
	at org.jetbrains.kotlin.fir.resolve.transformers.body.resolve.FirPartialBodyResolveTransformer.transformElement(FirPartialBodyResolveTransformer.kt:13)
	at org.jetbrains.kotlin.fir.visitors.FirTransformer.transformBlock(FirTransformer.kt:183)
	at org.jetbrains.kotlin.fir.expressions.FirBlock.transform(FirBlock.kt:33)
	at org.jetbrains.kotlin.fir.declarations.impl.FirNamedFunctionImpl.transformBody(FirNamedFunctionImpl.kt:117)
	at org.jetbrains.kotlin.fir.declarations.impl.FirNamedFunctionImpl.transformBody(FirNamedFunctionImpl.kt:32)
	at org.jetbrains.kotlin.fir.resolve.transformers.body.resolve.FirDeclarationsResolveTransformer.transformFunctionContent(FirDeclarationsResolveTransformer.kt:1110)
	at org.jetbrains.kotlin.fir.resolve.transformers.body.resolve.FirDeclarationsResolveTransformer.transformFunctionWithGivenSignature(FirDeclarationsResolveTransformer.kt:1031)
	at org.jetbrains.kotlin.fir.resolve.transformers.body.resolve.FirDeclarationsResolveTransformer.access$transformFunctionWithGivenSignature(FirDeclarationsResolveTransformer.kt:70)
	at org.jetbrains.kotlin.fir.resolve.transformers.body.resolve.FirDeclarationsResolveTransformer.transformNamedFunction$lambda$0$0$0(FirDeclarationsResolveTransformer.kt:1023)
	at org.jetbrains.kotlin.fir.resolve.transformers.body.resolve.BodyResolveContext.withParameters(BodyResolveContext.kt:1526)
	at org.jetbrains.kotlin.fir.resolve.transformers.body.resolve.BodyResolveContext.forFunctionBody(BodyResolveContext.kt:849)
	at org.jetbrains.kotlin.fir.resolve.transformers.body.resolve.FirDeclarationsResolveTransformer.transformNamedFunction(FirDeclarationsResolveTransformer.kt:1021)
	at org.jetbrains.kotlin.fir.resolve.transformers.body.resolve.FirAbstractBodyResolveTransformerDispatcher.transformNamedFunction(FirAbstractBodyResolveTransformerDispatcher.kt:588)
	at org.jetbrains.kotlin.fir.resolve.transformers.body.resolve.FirImplicitAwareBodyResolveTransformer.transformNamedFunction$lambda$0(FirImplicitBodyResolve.kt:154)
	at org.jetbrains.kotlin.fir.resolve.transformers.body.resolve.FirImplicitAwareBodyResolveTransformer.computeCachedTransformationResult(FirImplicitBodyResolve.kt:169)
	at org.jetbrains.kotlin.fir.resolve.transformers.body.resolve.FirImplicitAwareBodyResolveTransformer.transformNamedFunction(FirImplicitBodyResolve.kt:153)
	at org.jetbrains.kotlin.fir.resolve.transformers.body.resolve.FirImplicitAwareBodyResolveTransformer.transformNamedFunction(FirImplicitBodyResolve.kt:116)
	at org.jetbrains.kotlin.fir.declarations.FirNamedFunction.transform(FirNamedFunction.kt:75)
	at org.jetbrains.kotlin.fir.expressions.FirExpressionUtilKt.transformStatementsIndexed(FirExpressionUtil.kt:231)
	at org.jetbrains.kotlin.fir.resolve.transformers.body.resolve.FirExpressionsResolveTransformer.transformBlockInCurrentScope$resolve(FirExpressionsResolveTransformer.kt:755)
	at org.jetbrains.kotlin.fir.resolve.transformers.body.resolve.FirExpressionsResolveTransformer.transformBlock(FirExpressionsResolveTransformer.kt:746)
	at org.jetbrains.kotlin.fir.resolve.transformers.body.resolve.FirAbstractBodyResolveTransformerDispatcher.transformBlock(FirAbstractBodyResolveTransformerDispatcher.kt:236)
	at org.jetbrains.kotlin.fir.resolve.transformers.body.resolve.FirAbstractBodyResolveTransformerDispatcher.transformBlock(FirAbstractBodyResolveTransformerDispatcher.kt:27)
	at org.jetbrains.kotlin.fir.expressions.FirBlock.transform(FirBlock.kt:33)
	at org.jetbrains.kotlin.fir.expressions.impl.FirRegularWhenBranch.transformResult(FirRegularWhenBranch.kt:46)
	at org.jetbrains.kotlin.fir.expressions.impl.FirRegularWhenBranch.transformResult(FirRegularWhenBranch.kt:20)
	at org.jetbrains.kotlin.fir.resolve.transformers.body.resolve.FirControlFlowStatementsResolveTransformer.transformWhenBranch(FirControlFlowStatementsResolveTransformer.kt:127)
	at org.jetbrains.kotlin.fir.resolve.transformers.body.resolve.FirAbstractBodyResolveTransformerDispatcher.transformWhenBranch(FirAbstractBodyResolveTransformerDispatcher.kt:706)
	at org.jetbrains.kotlin.fir.resolve.transformers.body.resolve.FirAbstractBodyResolveTransformerDispatcher.transformWhenBranch(FirAbstractBodyResolveTransformerDispatcher.kt:27)
	at org.jetbrains.kotlin.fir.expressions.FirWhenBranch.transform(FirWhenBranch.kt:31)
	at org.jetbrains.kotlin.fir.visitors.FirTransformerUtilKt.transformInplace(FirTransformerUtil.kt:20)
	at org.jetbrains.kotlin.fir.expressions.impl.FirWhenExpressionImpl.transformBranches(FirWhenExpressionImpl.kt:68)
	at org.jetbrains.kotlin.fir.expressions.impl.FirWhenExpressionImpl.transformBranches(FirWhenExpressionImpl.kt:24)
	at org.jetbrains.kotlin.fir.resolve.transformers.body.resolve.FirControlFlowStatementsResolveTransformer.transformWhenExpression$lambda$1(FirControlFlowStatementsResolveTransformer.kt:79)
	at org.jetbrains.kotlin.fir.resolve.transformers.body.resolve.BodyResolveContext.withWhenExpression(BodyResolveContext.kt:1125)
	at org.jetbrains.kotlin.fir.resolve.transformers.body.resolve.FirControlFlowStatementsResolveTransformer.transformWhenExpression(FirControlFlowStatementsResolveTransformer.kt:59)
	at org.jetbrains.kotlin.fir.resolve.transformers.body.resolve.FirAbstractBodyResolveTransformerDispatcher.transformWhenExpression(FirAbstractBodyResolveTransformerDispatcher.kt:697)
	at org.jetbrains.kotlin.fir.resolve.transformers.body.resolve.FirAbstractBodyResolveTransformerDispatcher.transformWhenExpression(FirAbstractBodyResolveTransformerDispatcher.kt:27)
	at org.jetbrains.kotlin.fir.expressions.FirWhenExpression.transform(FirWhenExpression.kt:38)
	at org.jetbrains.kotlin.fir.expressions.FirExpressionUtilKt.transformStatementsIndexed(FirExpressionUtil.kt:231)
	at org.jetbrains.kotlin.fir.resolve.transformers.body.resolve.FirExpressionsResolveTransformer.transformBlockInCurrentScope$resolve(FirExpressionsResolveTransformer.kt:755)
	at org.jetbrains.kotlin.fir.resolve.transformers.body.resolve.FirExpressionsResolveTransformer.transformBlock(FirExpressionsResolveTransformer.kt:746)
	at org.jetbrains.kotlin.fir.resolve.transformers.body.resolve.FirAbstractBodyResolveTransformerDispatcher.transformBlock(FirAbstractBodyResolveTransformerDispatcher.kt:236)
	at org.jetbrains.kotlin.fir.resolve.transformers.body.resolve.FirAbstractBodyResolveTransformerDispatcher.transformBlock(FirAbstractBodyResolveTransformerDispatcher.kt:27)
	at org.jetbrains.kotlin.fir.expressions.FirBlock.transform(FirBlock.kt:33)
	at org.jetbrains.kotlin.fir.resolve.transformers.body.resolve.FirPartialBodyResolveTransformer.transformElement(FirPartialBodyResolveTransformer.kt:36)
	at org.jetbrains.kotlin.fir.resolve.transformers.body.resolve.FirPartialBodyResolveTransformer.transformElement(FirPartialBodyResolveTransformer.kt:13)
	at org.jetbrains.kotlin.fir.visitors.FirTransformer.transformBlock(FirTransformer.kt:183)
	at org.jetbrains.kotlin.fir.expressions.FirBlock.transform(FirBlock.kt:33)
	at org.jetbrains.kotlin.fir.declarations.impl.FirAnonymousFunctionImpl.transformBody(FirAnonymousFunctionImpl.kt:134)
	at org.jetbrains.kotlin.fir.declarations.impl.FirAnonymousFunctionImpl.transformBody(FirAnonymousFunctionImpl.kt:33)
	at org.jetbrains.kotlin.fir.resolve.transformers.body.resolve.FirDeclarationsResolveTransformer.transformFunctionContent(FirDeclarationsResolveTransformer.kt:1110)
	at org.jetbrains.kotlin.fir.resolve.transformers.body.resolve.FirDeclarationsResolveTransformer.transformAnonymousFunctionBody$lambda$0(FirDeclarationsResolveTransformer.kt:1533)
	at org.jetbrains.kotlin.fir.resolve.transformers.body.resolve.BodyResolveContext.withAnonymousFunction(BodyResolveContext.kt:905)
	at org.jetbrains.kotlin.fir.resolve.transformers.body.resolve.FirDeclarationsResolveTransformer.transformAnonymousFunctionBody(FirDeclarationsResolveTransformer.kt:1523)
	at org.jetbrains.kotlin.fir.resolve.transformers.body.resolve.FirDeclarationsResolveTransformer.doTransformAnonymousFunctionBodyFromCallCompletion$resolve(FirDeclarationsResolveTransformer.kt:1513)
	at org.jetbrains.kotlin.fir.resolve.inference.FirCallCompleter$LambdaAnalyzerImpl.analyzeAndGetLambdaReturnArguments$lambda$5$2(FirCallCompleter.kt:485)
	at org.jetbrains.kotlin.fir.resolve.inference.FirPCLAInferenceSession.runWithSpecifiedCurrentCommonSystem(FirPCLAInferenceSession.kt:108)
	at org.jetbrains.kotlin.fir.resolve.inference.FirPCLAInferenceSession.runLambdaCompletion(FirPCLAInferenceSession.kt:99)
	at org.jetbrains.kotlin.fir.resolve.inference.FirCallCompleter$LambdaAnalyzerImpl.analyzeAndGetLambdaReturnArguments(FirCallCompleter.kt:484)
	at org.jetbrains.kotlin.fir.resolve.inference.PostponedArgumentsAnalyzer.analyzeLambda(PostponedArgumentsAnalyzer.kt:322)
	at org.jetbrains.kotlin.fir.resolve.inference.PostponedArgumentsAnalyzer.analyzeLambda$default(PostponedArgumentsAnalyzer.kt:268)
	at org.jetbrains.kotlin.fir.resolve.inference.PostponedArgumentsAnalyzer.analyze(PostponedArgumentsAnalyzer.kt:80)
	at org.jetbrains.kotlin.fir.resolve.inference.FirCallCompleter.runCompletionForCall$lambda$0(FirCallCompleter.kt:311)
	at org.jetbrains.kotlin.fir.resolve.inference.ConstraintSystemCompleter.runCompletion$lambda$0(ConstraintSystemCompleter.kt:79)
	at org.jetbrains.kotlin.resolve.calls.inference.components.ConstraintSystemCompletionContext.analyzeArgumentWithFixedParameterTypes(ConstraintSystemCompletionContext.kt:50)
	at org.jetbrains.kotlin.fir.resolve.inference.ConstraintSystemCompleter.runCompletion(ConstraintSystemCompleter.kt:78)
	at org.jetbrains.kotlin.fir.resolve.inference.ConstraintSystemCompleter.complete(ConstraintSystemCompleter.kt:54)
	at org.jetbrains.kotlin.fir.resolve.inference.FirCallCompleter.runCompletionForCall(FirCallCompleter.kt:304)
	at org.jetbrains.kotlin.fir.resolve.inference.FirCallCompleter.completeCall(FirCallCompleter.kt:135)
	at org.jetbrains.kotlin.fir.resolve.transformers.body.resolve.FirExpressionsResolveTransformer.transformFunctionCallInternal$resolve(FirExpressionsResolveTransformer.kt:598)
	at org.jetbrains.kotlin.fir.resolve.transformers.body.resolve.FirExpressionsResolveTransformer.transformFunctionCall(FirExpressionsResolveTransformer.kt:521)
	at org.jetbrains.kotlin.fir.resolve.transformers.body.resolve.FirAbstractBodyResolveTransformerDispatcher.transformFunctionCall(FirAbstractBodyResolveTransformerDispatcher.kt:209)
	at org.jetbrains.kotlin.fir.resolve.transformers.body.resolve.FirAbstractBodyResolveTransformerDispatcher.transformFunctionCall(FirAbstractBodyResolveTransformerDispatcher.kt:27)
	at org.jetbrains.kotlin.fir.expressions.FirFunctionCall.transform(FirFunctionCall.kt:45)
	at org.jetbrains.kotlin.fir.expressions.FirExpressionUtilKt.transformStatementsIndexed(FirExpressionUtil.kt:231)
	at org.jetbrains.kotlin.fir.resolve.transformers.body.resolve.FirExpressionsResolveTransformer.transformBlockInCurrentScope$resolve(FirExpressionsResolveTransformer.kt:755)
	at org.jetbrains.kotlin.fir.resolve.transformers.body.resolve.FirExpressionsResolveTransformer.transformBlock(FirExpressionsResolveTransformer.kt:746)
	at org.jetbrains.kotlin.fir.resolve.transformers.body.resolve.FirAbstractBodyResolveTransformerDispatcher.transformBlock(FirAbstractBodyResolveTransformerDispatcher.kt:236)
	at org.jetbrains.kotlin.fir.resolve.transformers.body.resolve.FirAbstractBodyResolveTransformerDispatcher.transformBlock(FirAbstractBodyResolveTransformerDispatcher.kt:27)
	at org.jetbrains.kotlin.fir.expressions.FirBlock.transform(FirBlock.kt:33)
	at org.jetbrains.kotlin.fir.resolve.transformers.body.resolve.FirPartialBodyResolveTransformer.transformElement(FirPartialBodyResolveTransformer.kt:36)
	at org.jetbrains.kotlin.fir.resolve.transformers.body.resolve.FirPartialBodyResolveTransformer.transformElement(FirPartialBodyResolveTransformer.kt:13)
	at org.jetbrains.kotlin.fir.visitors.FirTransformer.transformBlock(FirTransformer.kt:183)
	at org.jetbrains.kotlin.fir.expressions.FirBlock.transform(FirBlock.kt:33)
	at org.jetbrains.kotlin.fir.declarations.impl.FirNamedFunctionImpl.transformBody(FirNamedFunctionImpl.kt:117)
	at org.jetbrains.kotlin.fir.declarations.impl.FirNamedFunctionImpl.transformBody(FirNamedFunctionImpl.kt:32)
	at org.jetbrains.kotlin.fir.resolve.transformers.body.resolve.FirDeclarationsResolveTransformer.transformFunctionContent(FirDeclarationsResolveTransformer.kt:1110)
	at org.jetbrains.kotlin.fir.resolve.transformers.body.resolve.FirDeclarationsResolveTransformer.transformFunctionWithGivenSignature(FirDeclarationsResolveTransformer.kt:1031)
	at org.jetbrains.kotlin.fir.resolve.transformers.body.resolve.FirDeclarationsResolveTransformer.access$transformFunctionWithGivenSignature(FirDeclarationsResolveTransformer.kt:70)
	at org.jetbrains.kotlin.fir.resolve.transformers.body.resolve.FirDeclarationsResolveTransformer.transformNamedFunction$lambda$0$0$0(FirDeclarationsResolveTransformer.kt:1023)
	at org.jetbrains.kotlin.fir.resolve.transformers.body.resolve.BodyResolveContext.withParameters(BodyResolveContext.kt:1526)
	at org.jetbrains.kotlin.fir.resolve.transformers.body.resolve.BodyResolveContext.forFunctionBody(BodyResolveContext.kt:849)
	at org.jetbrains.kotlin.fir.resolve.transformers.body.resolve.FirDeclarationsResolveTransformer.transformNamedFunction(FirDeclarationsResolveTransformer.kt:1021)
	at org.jetbrains.kotlin.fir.resolve.transformers.body.resolve.FirAbstractBodyResolveTransformerDispatcher.transformNamedFunction(FirAbstractBodyResolveTransformerDispatcher.kt:588)
	at org.jetbrains.kotlin.fir.resolve.transformers.body.resolve.FirImplicitAwareBodyResolveTransformer.transformNamedFunction$lambda$0(FirImplicitBodyResolve.kt:154)
	at org.jetbrains.kotlin.fir.resolve.transformers.body.resolve.FirImplicitAwareBodyResolveTransformer.computeCachedTransformationResult(FirImplicitBodyResolve.kt:169)
	at org.jetbrains.kotlin.fir.resolve.transformers.body.resolve.FirImplicitAwareBodyResolveTransformer.transformNamedFunction(FirImplicitBodyResolve.kt:153)
	at org.jetbrains.kotlin.fir.resolve.transformers.body.resolve.FirImplicitAwareBodyResolveTransformer.transformNamedFunction(FirImplicitBodyResolve.kt:116)
	at org.jetbrains.kotlin.fir.declarations.FirNamedFunction.transform(FirNamedFunction.kt:75)
	at org.jetbrains.kotlin.fir.expressions.FirExpressionUtilKt.transformStatementsIndexed(FirExpressionUtil.kt:231)
	at org.jetbrains.kotlin.fir.resolve.transformers.body.resolve.FirExpressionsResolveTransformer.transformBlockInCurrentScope$resolve(FirExpressionsResolveTransformer.kt:755)
	at org.jetbrains.kotlin.fir.resolve.transformers.body.resolve.FirExpressionsResolveTransformer.transformBlock(FirExpressionsResolveTransformer.kt:746)
	at org.jetbrains.kotlin.fir.resolve.transformers.body.resolve.FirAbstractBodyResolveTransformerDispatcher.transformBlock(FirAbstractBodyResolveTransformerDispatcher.kt:236)
	at org.jetbrains.kotlin.fir.resolve.transformers.body.resolve.FirAbstractBodyResolveTransformerDispatcher.transformBlock(FirAbstractBodyResolveTransformerDispatcher.kt:27)
	at org.jetbrains.kotlin.fir.expressions.FirBlock.transform(FirBlock.kt:33)
	at org.jetbrains.kotlin.fir.resolve.transformers.body.resolve.FirPartialBodyResolveTransformer.transformElement(FirPartialBodyResolveTransformer.kt:36)
	at org.jetbrains.kotlin.fir.resolve.transformers.body.resolve.FirPartialBodyResolveTransformer.transformElement(FirPartialBodyResolveTransformer.kt:13)
	at org.jetbrains.kotlin.fir.visitors.FirTransformer.transformBlock(FirTransformer.kt:183)
	at org.jetbrains.kotlin.fir.expressions.FirBlock.transform(FirBlock.kt:33)
	at org.jetbrains.kotlin.fir.declarations.impl.FirAnonymousFunctionImpl.transformBody(FirAnonymousFunctionImpl.kt:134)
	at org.jetbrains.kotlin.fir.declarations.impl.FirAnonymousFunctionImpl.transformBody(FirAnonymousFunctionImpl.kt:33)
	at org.jetbrains.kotlin.fir.resolve.transformers.body.resolve.FirDeclarationsResolveTransformer.transformFunctionContent(FirDeclarationsResolveTransformer.kt:1110)
	at org.jetbrains.kotlin.fir.resolve.transformers.body.resolve.FirDeclarationsResolveTransformer.transformAnonymousFunctionBody$lambda$0(FirDeclarationsResolveTransformer.kt:1533)
	at org.jetbrains.kotlin.fir.resolve.transformers.body.resolve.BodyResolveContext.withAnonymousFunction(BodyResolveContext.kt:905)
	at org.jetbrains.kotlin.fir.resolve.transformers.body.resolve.FirDeclarationsResolveTransformer.transformAnonymousFunctionBody(FirDeclarationsResolveTransformer.kt:1523)
	at org.jetbrains.kotlin.fir.resolve.transformers.body.resolve.FirDeclarationsResolveTransformer.doTransformAnonymousFunctionBodyFromCallCompletion$resolve(FirDeclarationsResolveTransformer.kt:1510)
	at org.jetbrains.kotlin.fir.resolve.inference.FirCallCompleter$LambdaAnalyzerImpl.analyzeAndGetLambdaReturnArguments$lambda$5$2(FirCallCompleter.kt:485)
	at org.jetbrains.kotlin.fir.resolve.inference.FirPCLAInferenceSession.runWithSpecifiedCurrentCommonSystem(FirPCLAInferenceSession.kt:108)
	at org.jetbrains.kotlin.fir.resolve.inference.FirPCLAInferenceSession.runLambdaCompletion(FirPCLAInferenceSession.kt:99)
	at org.jetbrains.kotlin.fir.resolve.inference.FirCallCompleter$LambdaAnalyzerImpl.analyzeAndGetLambdaReturnArguments(FirCallCompleter.kt:484)
	at org.jetbrains.kotlin.fir.resolve.inference.PostponedArgumentsAnalyzer.analyzeLambda(PostponedArgumentsAnalyzer.kt:322)
	at org.jetbrains.kotlin.fir.resolve.inference.PostponedArgumentsAnalyzer.analyzeLambda$default(PostponedArgumentsAnalyzer.kt:268)
	at org.jetbrains.kotlin.fir.resolve.inference.PostponedArgumentsAnalyzer.analyze(PostponedArgumentsAnalyzer.kt:80)
	at org.jetbrains.kotlin.fir.resolve.inference.FirCallCompleter.runCompletionForCall$lambda$0(FirCallCompleter.kt:311)
	at org.jetbrains.kotlin.fir.resolve.inference.ConstraintSystemCompleter.runCompletion$lambda$0(ConstraintSystemCompleter.kt:79)
	at org.jetbrains.kotlin.resolve.calls.inference.components.ConstraintSystemCompletionContext.analyzeArgumentWithFixedParameterTypes(ConstraintSystemCompletionContext.kt:50)
	at org.jetbrains.kotlin.fir.resolve.inference.ConstraintSystemCompleter.runCompletion(ConstraintSystemCompleter.kt:78)
	at org.jetbrains.kotlin.fir.resolve.inference.ConstraintSystemCompleter.complete(ConstraintSystemCompleter.kt:54)
	at org.jetbrains.kotlin.fir.resolve.inference.FirCallCompleter.runCompletionForCall(FirCallCompleter.kt:304)
	at org.jetbrains.kotlin.fir.resolve.inference.FirCallCompleter.completeCall(FirCallCompleter.kt:135)
	at org.jetbrains.kotlin.fir.resolve.inference.FirCallCompleter.completeCall$default(FirCallCompleter.kt:73)
	at org.jetbrains.kotlin.fir.resolve.transformers.FirSyntheticCallGenerator.resolveAnonymousFunctionExpressionWithSyntheticOuterCall(FirSyntheticCallGenerator.kt:346)
	at org.jetbrains.kotlin.fir.resolve.transformers.body.resolve.FirDeclarationsResolveTransformer.transformTopLevelAnonymousFunctionExpression(FirDeclarationsResolveTransformer.kt:1277)
	at org.jetbrains.kotlin.fir.resolve.transformers.body.resolve.FirDeclarationsResolveTransformer.transformAnonymousFunctionExpression(FirDeclarationsResolveTransformer.kt:1247)
	at org.jetbrains.kotlin.fir.resolve.transformers.body.resolve.FirAbstractBodyResolveTransformerDispatcher.transformAnonymousFunctionExpression(FirAbstractBodyResolveTransformerDispatcher.kt:642)
	at org.jetbrains.kotlin.fir.resolve.transformers.body.resolve.FirAbstractBodyResolveTransformerDispatcher.transformAnonymousFunctionExpression(FirAbstractBodyResolveTransformerDispatcher.kt:27)
	at org.jetbrains.kotlin.fir.expressions.FirAnonymousFunctionExpression.transform(FirAnonymousFunctionExpression.kt:34)
	at org.jetbrains.kotlin.fir.expressions.FirExpressionUtilKt.transformStatementsIndexed(FirExpressionUtil.kt:231)
	at org.jetbrains.kotlin.fir.resolve.transformers.body.resolve.FirExpressionsResolveTransformer.transformBlockInCurrentScope$resolve(FirExpressionsResolveTransformer.kt:755)
	at org.jetbrains.kotlin.fir.resolve.transformers.body.resolve.FirExpressionsResolveTransformer.transformBlock(FirExpressionsResolveTransformer.kt:746)
	at org.jetbrains.kotlin.fir.resolve.transformers.body.resolve.FirAbstractBodyResolveTransformerDispatcher.transformBlock(FirAbstractBodyResolveTransformerDispatcher.kt:236)
	at org.jetbrains.kotlin.fir.resolve.transformers.body.resolve.FirAbstractBodyResolveTransformerDispatcher.transformBlock(FirAbstractBodyResolveTransformerDispatcher.kt:27)
	at org.jetbrains.kotlin.fir.expressions.FirBlock.transform(FirBlock.kt:33)
	at org.jetbrains.kotlin.fir.expressions.impl.FirRegularWhenBranch.transformResult(FirRegularWhenBranch.kt:46)
	at org.jetbrains.kotlin.fir.expressions.impl.FirRegularWhenBranch.transformResult(FirRegularWhenBranch.kt:20)
	at org.jetbrains.kotlin.fir.resolve.transformers.body.resolve.FirControlFlowStatementsResolveTransformer.transformWhenBranch(FirControlFlowStatementsResolveTransformer.kt:127)
	at org.jetbrains.kotlin.fir.resolve.transformers.body.resolve.FirAbstractBodyResolveTransformerDispatcher.transformWhenBranch(FirAbstractBodyResolveTransformerDispatcher.kt:706)
	at org.jetbrains.kotlin.fir.resolve.transformers.body.resolve.FirAbstractBodyResolveTransformerDispatcher.transformWhenBranch(FirAbstractBodyResolveTransformerDispatcher.kt:27)
	at org.jetbrains.kotlin.fir.expressions.FirWhenBranch.transform(FirWhenBranch.kt:31)
	at org.jetbrains.kotlin.fir.visitors.FirTransformerUtilKt.transformInplace(FirTransformerUtil.kt:20)
	at org.jetbrains.kotlin.fir.expressions.impl.FirWhenExpressionImpl.transformBranches(FirWhenExpressionImpl.kt:68)
	at org.jetbrains.kotlin.fir.expressions.impl.FirWhenExpressionImpl.transformBranches(FirWhenExpressionImpl.kt:24)
	at org.jetbrains.kotlin.fir.resolve.transformers.body.resolve.FirControlFlowStatementsResolveTransformer.transformWhenExpression$lambda$1(FirControlFlowStatementsResolveTransformer.kt:79)
	at org.jetbrains.kotlin.fir.resolve.transformers.body.resolve.BodyResolveContext.withWhenExpression(BodyResolveContext.kt:1125)
	at org.jetbrains.kotlin.fir.resolve.transformers.body.resolve.FirControlFlowStatementsResolveTransformer.transformWhenExpression(FirControlFlowStatementsResolveTransformer.kt:59)
	at org.jetbrains.kotlin.fir.resolve.transformers.body.resolve.FirAbstractBodyResolveTransformerDispatcher.transformWhenExpression(FirAbstractBodyResolveTransformerDispatcher.kt:697)
	at org.jetbrains.kotlin.fir.resolve.transformers.body.resolve.FirAbstractBodyResolveTransformerDispatcher.transformWhenExpression(FirAbstractBodyResolveTransformerDispatcher.kt:27)
	at org.jetbrains.kotlin.fir.expressions.FirWhenExpression.transform(FirWhenExpression.kt:38)
	at org.jetbrains.kotlin.fir.expressions.FirExpressionUtilKt.transformStatementsIndexed(FirExpressionUtil.kt:231)
	at org.jetbrains.kotlin.fir.resolve.transformers.body.resolve.FirExpressionsResolveTransformer.transformBlockInCurrentScope$resolve(FirExpressionsResolveTransformer.kt:755)
	at org.jetbrains.kotlin.fir.resolve.transformers.body.resolve.FirExpressionsResolveTransformer.transformBlock(FirExpressionsResolveTransformer.kt:746)
	at org.jetbrains.kotlin.fir.resolve.transformers.body.resolve.FirAbstractBodyResolveTransformerDispatcher.transformBlock(FirAbstractBodyResolveTransformerDispatcher.kt:236)
	at org.jetbrains.kotlin.fir.resolve.transformers.body.resolve.FirAbstractBodyResolveTransformerDispatcher.transformBlock(FirAbstractBodyResolveTransformerDispatcher.kt:27)
	at org.jetbrains.kotlin.fir.expressions.FirBlock.transform(FirBlock.kt:33)
	at org.jetbrains.kotlin.fir.resolve.transformers.body.resolve.FirPartialBodyResolveTransformer.transformElement(FirPartialBodyResolveTransformer.kt:36)
	at org.jetbrains.kotlin.fir.resolve.transformers.body.resolve.FirPartialBodyResolveTransformer.transformElement(FirPartialBodyResolveTransformer.kt:13)
	at org.jetbrains.kotlin.fir.visitors.FirTransformer.transformBlock(FirTransformer.kt:183)
	at org.jetbrains.kotlin.fir.expressions.FirBlock.transform(FirBlock.kt:33)
	at org.jetbrains.kotlin.fir.declarations.impl.FirAnonymousFunctionImpl.transformBody(FirAnonymousFunctionImpl.kt:134)
	at org.jetbrains.kotlin.fir.declarations.impl.FirAnonymousFunctionImpl.transformBody(FirAnonymousFunctionImpl.kt:33)
	at org.jetbrains.kotlin.fir.resolve.transformers.body.resolve.FirDeclarationsResolveTransformer.transformFunctionContent(FirDeclarationsResolveTransformer.kt:1110)
	at org.jetbrains.kotlin.fir.resolve.transformers.body.resolve.FirDeclarationsResolveTransformer.transformAnonymousFunctionBody$lambda$0(FirDeclarationsResolveTransformer.kt:1533)
	at org.jetbrains.kotlin.fir.resolve.transformers.body.resolve.BodyResolveContext.withAnonymousFunction(BodyResolveContext.kt:905)
	at org.jetbrains.kotlin.fir.resolve.transformers.body.resolve.FirDeclarationsResolveTransformer.transformAnonymousFunctionBody(FirDeclarationsResolveTransformer.kt:1523)
	at org.jetbrains.kotlin.fir.resolve.transformers.body.resolve.FirDeclarationsResolveTransformer.doTransformAnonymousFunctionBodyFromCallCompletion$resolve(FirDeclarationsResolveTransformer.kt:1513)
	at org.jetbrains.kotlin.fir.resolve.inference.FirCallCompleter$LambdaAnalyzerImpl.analyzeAndGetLambdaReturnArguments$lambda$5$2(FirCallCompleter.kt:485)
	at org.jetbrains.kotlin.fir.resolve.inference.FirPCLAInferenceSession.runWithSpecifiedCurrentCommonSystem(FirPCLAInferenceSession.kt:108)
	at org.jetbrains.kotlin.fir.resolve.inference.FirPCLAInferenceSession.runLambdaCompletion(FirPCLAInferenceSession.kt:99)
	at org.jetbrains.kotlin.fir.resolve.inference.FirCallCompleter$LambdaAnalyzerImpl.analyzeAndGetLambdaReturnArguments(FirCallCompleter.kt:484)
	at org.jetbrains.kotlin.fir.resolve.inference.PostponedArgumentsAnalyzer.analyzeLambda(PostponedArgumentsAnalyzer.kt:322)
	at org.jetbrains.kotlin.fir.resolve.inference.PostponedArgumentsAnalyzer.analyzeLambda$default(PostponedArgumentsAnalyzer.kt:268)
	at org.jetbrains.kotlin.fir.resolve.inference.PostponedArgumentsAnalyzer.analyze(PostponedArgumentsAnalyzer.kt:80)
	at org.jetbrains.kotlin.fir.resolve.inference.FirCallCompleter.runCompletionForCall$lambda$0(FirCallCompleter.kt:311)
	at org.jetbrains.kotlin.fir.resolve.inference.ConstraintSystemCompleter.runCompletion$lambda$0(ConstraintSystemCompleter.kt:79)
	at org.jetbrains.kotlin.resolve.calls.inference.components.ConstraintSystemCompletionContext.analyzeArgumentWithFixedParameterTypes(ConstraintSystemCompletionContext.kt:50)
	at org.jetbrains.kotlin.fir.resolve.inference.ConstraintSystemCompleter.runCompletion(ConstraintSystemCompleter.kt:78)
	at org.jetbrains.kotlin.fir.resolve.inference.ConstraintSystemCompleter.complete(ConstraintSystemCompleter.kt:54)
	at org.jetbrains.kotlin.fir.resolve.inference.FirCallCompleter.runCompletionForCall(FirCallCompleter.kt:304)
	at org.jetbrains.kotlin.fir.resolve.inference.FirCallCompleter.completeCall(FirCallCompleter.kt:135)
	at org.jetbrains.kotlin.fir.resolve.transformers.body.resolve.FirExpressionsResolveTransformer.transformFunctionCallInternal$resolve(FirExpressionsResolveTransformer.kt:598)
	at org.jetbrains.kotlin.fir.resolve.transformers.body.resolve.FirExpressionsResolveTransformer.transformFunctionCall(FirExpressionsResolveTransformer.kt:521)
	at org.jetbrains.kotlin.fir.resolve.transformers.body.resolve.FirExpressionsResolveTransformer.transformFunctionCall(FirExpressionsResolveTransformer.kt:73)
	at org.jetbrains.kotlin.fir.expressions.FirFunctionCall.transform(FirFunctionCall.kt:45)
	at org.jetbrains.kotlin.fir.expressions.impl.FirSafeCallExpressionImpl.transformSelector(FirSafeCallExpressionImpl.kt:58)
	at org.jetbrains.kotlin.fir.expressions.impl.FirSafeCallExpressionImpl.transformSelector(FirSafeCallExpressionImpl.kt:23)
	at org.jetbrains.kotlin.fir.resolve.transformers.body.resolve.FirExpressionsResolveTransformer.transformSafeCallExpression(FirExpressionsResolveTransformer.kt:492)
	at org.jetbrains.kotlin.fir.resolve.transformers.body.resolve.FirAbstractBodyResolveTransformerDispatcher.transformSafeCallExpression(FirAbstractBodyResolveTransformerDispatcher.kt:424)
	at org.jetbrains.kotlin.fir.resolve.transformers.body.resolve.FirAbstractBodyResolveTransformerDispatcher.transformSafeCallExpression(FirAbstractBodyResolveTransformerDispatcher.kt:27)
	at org.jetbrains.kotlin.fir.expressions.FirSafeCallExpression.transform(FirSafeCallExpression.kt:35)
	at org.jetbrains.kotlin.fir.expressions.FirExpressionUtilKt.transformStatementsIndexed(FirExpressionUtil.kt:231)
	at org.jetbrains.kotlin.fir.resolve.transformers.body.resolve.FirExpressionsResolveTransformer.transformBlockInCurrentScope$resolve(FirExpressionsResolveTransformer.kt:755)
	at org.jetbrains.kotlin.fir.resolve.transformers.body.resolve.FirExpressionsResolveTransformer.transformBlock(FirExpressionsResolveTransformer.kt:746)
	at org.jetbrains.kotlin.fir.resolve.transformers.body.resolve.FirAbstractBodyResolveTransformerDispatcher.transformBlock(FirAbstractBodyResolveTransformerDispatcher.kt:236)
	at org.jetbrains.kotlin.fir.resolve.transformers.body.resolve.FirAbstractBodyResolveTransformerDispatcher.transformBlock(FirAbstractBodyResolveTransformerDispatcher.kt:27)
	at org.jetbrains.kotlin.fir.expressions.FirBlock.transform(FirBlock.kt:33)
	at org.jetbrains.kotlin.fir.expressions.impl.FirRegularWhenBranch.transformResult(FirRegularWhenBranch.kt:46)
	at org.jetbrains.kotlin.fir.expressions.impl.FirRegularWhenBranch.transformResult(FirRegularWhenBranch.kt:20)
	at org.jetbrains.kotlin.fir.resolve.transformers.body.resolve.FirControlFlowStatementsResolveTransformer.transformWhenBranch(FirControlFlowStatementsResolveTransformer.kt:127)
	at org.jetbrains.kotlin.fir.resolve.transformers.body.resolve.FirAbstractBodyResolveTransformerDispatcher.transformWhenBranch(FirAbstractBodyResolveTransformerDispatcher.kt:706)
	at org.jetbrains.kotlin.fir.resolve.transformers.body.resolve.FirAbstractBodyResolveTransformerDispatcher.transformWhenBranch(FirAbstractBodyResolveTransformerDispatcher.kt:27)
	at org.jetbrains.kotlin.fir.expressions.FirWhenBranch.transform(FirWhenBranch.kt:31)
	at org.jetbrains.kotlin.fir.visitors.FirTransformerUtilKt.transformInplace(FirTransformerUtil.kt:20)
	at org.jetbrains.kotlin.fir.expressions.impl.FirWhenExpressionImpl.transformBranches(FirWhenExpressionImpl.kt:68)
	at org.jetbrains.kotlin.fir.expressions.impl.FirWhenExpressionImpl.transformBranches(FirWhenExpressionImpl.kt:24)
	at org.jetbrains.kotlin.fir.resolve.transformers.body.resolve.FirControlFlowStatementsResolveTransformer.transformWhenExpression$lambda$1(FirControlFlowStatementsResolveTransformer.kt:79)
	at org.jetbrains.kotlin.fir.resolve.transformers.body.resolve.BodyResolveContext.withWhenExpression(BodyResolveContext.kt:1125)
	at org.jetbrains.kotlin.fir.resolve.transformers.body.resolve.FirControlFlowStatementsResolveTransformer.transformWhenExpression(FirControlFlowStatementsResolveTransformer.kt:59)
	at org.jetbrains.kotlin.fir.resolve.transformers.body.resolve.FirAbstractBodyResolveTransformerDispatcher.transformWhenExpression(FirAbstractBodyResolveTransformerDispatcher.kt:697)
	at org.jetbrains.kotlin.fir.resolve.transformers.body.resolve.FirAbstractBodyResolveTransformerDispatcher.transformWhenExpression(FirAbstractBodyResolveTransformerDispatcher.kt:27)
	at org.jetbrains.kotlin.fir.expressions.FirWhenExpression.transform(FirWhenExpression.kt:38)
	at org.jetbrains.kotlin.fir.expressions.FirExpressionUtilKt.transformStatementsIndexed(FirExpressionUtil.kt:231)
	at org.jetbrains.kotlin.fir.resolve.transformers.body.resolve.FirExpressionsResolveTransformer.transformBlockInCurrentScope$resolve(FirExpressionsResolveTransformer.kt:755)
	at org.jetbrains.kotlin.fir.resolve.transformers.body.resolve.FirExpressionsResolveTransformer.transformBlock(FirExpressionsResolveTransformer.kt:746)
	at org.jetbrains.kotlin.fir.resolve.transformers.body.resolve.FirAbstractBodyResolveTransformerDispatcher.transformBlock(FirAbstractBodyResolveTransformerDispatcher.kt:236)
	at org.jetbrains.kotlin.fir.resolve.transformers.body.resolve.FirAbstractBodyResolveTransformerDispatcher.transformBlock(FirAbstractBodyResolveTransformerDispatcher.kt:27)
	at org.jetbrains.kotlin.fir.expressions.FirBlock.transform(FirBlock.kt:33)
	at org.jetbrains.kotlin.fir.resolve.transformers.body.resolve.FirPartialBodyResolveTransformer.transformElement(FirPartialBodyResolveTransformer.kt:36)
	at org.jetbrains.kotlin.fir.resolve.transformers.body.resolve.FirPartialBodyResolveTransformer.transformElement(FirPartialBodyResolveTransformer.kt:13)
	at org.jetbrains.kotlin.fir.visitors.FirTransformer.transformBlock(FirTransformer.kt:183)
	at org.jetbrains.kotlin.fir.expressions.FirBlock.transform(FirBlock.kt:33)
	at org.jetbrains.kotlin.fir.declarations.impl.FirAnonymousFunctionImpl.transformBody(FirAnonymousFunctionImpl.kt:134)
	at org.jetbrains.kotlin.fir.declarations.impl.FirAnonymousFunctionImpl.transformBody(FirAnonymousFunctionImpl.kt:33)
	at org.jetbrains.kotlin.fir.resolve.transformers.body.resolve.FirDeclarationsResolveTransformer.transformFunctionContent(FirDeclarationsResolveTransformer.kt:1110)
	at org.jetbrains.kotlin.fir.resolve.transformers.body.resolve.FirDeclarationsResolveTransformer.transformAnonymousFunctionBody$lambda$0(FirDeclarationsResolveTransformer.kt:1533)
	at org.jetbrains.kotlin.fir.resolve.transformers.body.resolve.BodyResolveContext.withAnonymousFunction(BodyResolveContext.kt:905)
	at org.jetbrains.kotlin.fir.resolve.transformers.body.resolve.FirDeclarationsResolveTransformer.transformAnonymousFunctionBody(FirDeclarationsResolveTransformer.kt:1523)
	at org.jetbrains.kotlin.fir.resolve.transformers.body.resolve.FirDeclarationsResolveTransformer.doTransformAnonymousFunctionBodyFromCallCompletion$resolve(FirDeclarationsResolveTransformer.kt:1513)
	at org.jetbrains.kotlin.fir.resolve.inference.FirCallCompleter$LambdaAnalyzerImpl.analyzeAndGetLambdaReturnArguments$lambda$5$2(FirCallCompleter.kt:485)
	at org.jetbrains.kotlin.fir.resolve.inference.FirPCLAInferenceSession.runWithSpecifiedCurrentCommonSystem(FirPCLAInferenceSession.kt:108)
	at org.jetbrains.kotlin.fir.resolve.inference.FirPCLAInferenceSession.runLambdaCompletion(FirPCLAInferenceSession.kt:99)
	at org.jetbrains.kotlin.fir.resolve.inference.FirCallCompleter$LambdaAnalyzerImpl.analyzeAndGetLambdaReturnArguments(FirCallCompleter.kt:484)
	at org.jetbrains.kotlin.fir.resolve.inference.PostponedArgumentsAnalyzer.analyzeLambda(PostponedArgumentsAnalyzer.kt:322)
	at org.jetbrains.kotlin.fir.resolve.inference.PostponedArgumentsAnalyzer.analyzeLambda$default(PostponedArgumentsAnalyzer.kt:268)
	at org.jetbrains.kotlin.fir.resolve.inference.PostponedArgumentsAnalyzer.analyze(PostponedArgumentsAnalyzer.kt:80)
	at org.jetbrains.kotlin.fir.resolve.inference.FirCallCompleter.runCompletionForCall$lambda$0(FirCallCompleter.kt:311)
	at org.jetbrains.kotlin.fir.resolve.inference.ConstraintSystemCompleter.runCompletion$lambda$0(ConstraintSystemCompleter.kt:79)
	at org.jetbrains.kotlin.resolve.calls.inference.components.ConstraintSystemCompletionContext.analyzeArgumentWithFixedParameterTypes(ConstraintSystemCompletionContext.kt:50)
	at org.jetbrains.kotlin.fir.resolve.inference.ConstraintSystemCompleter.runCompletion(ConstraintSystemCompleter.kt:78)
	at org.jetbrains.kotlin.fir.resolve.inference.ConstraintSystemCompleter.complete(ConstraintSystemCompleter.kt:54)
	at org.jetbrains.kotlin.fir.resolve.inference.FirCallCompleter.runCompletionForCall(FirCallCompleter.kt:304)
	at org.jetbrains.kotlin.fir.resolve.inference.FirCallCompleter.completeCall(FirCallCompleter.kt:135)
	at org.jetbrains.kotlin.fir.resolve.transformers.body.resolve.FirExpressionsResolveTransformer.transformFunctionCallInternal$resolve(FirExpressionsResolveTransformer.kt:598)
	at org.jetbrains.kotlin.fir.resolve.transformers.body.resolve.FirExpressionsResolveTransformer.transformFunctionCall(FirExpressionsResolveTransformer.kt:521)
	at org.jetbrains.kotlin.fir.resolve.transformers.body.resolve.FirAbstractBodyResolveTransformerDispatcher.transformFunctionCall(FirAbstractBodyResolveTransformerDispatcher.kt:209)
	at org.jetbrains.kotlin.fir.resolve.transformers.body.resolve.FirAbstractBodyResolveTransformerDispatcher.transformFunctionCall(FirAbstractBodyResolveTransformerDispatcher.kt:27)
	at org.jetbrains.kotlin.fir.expressions.FirFunctionCall.transform(FirFunctionCall.kt:45)
	at org.jetbrains.kotlin.fir.expressions.FirExpressionUtilKt.transformStatementsIndexed(FirExpressionUtil.kt:231)
	at org.jetbrains.kotlin.fir.resolve.transformers.body.resolve.FirExpressionsResolveTransformer.transformBlockInCurrentScope$resolve(FirExpressionsResolveTransformer.kt:755)
	at org.jetbrains.kotlin.fir.resolve.transformers.body.resolve.FirExpressionsResolveTransformer.transformBlock(FirExpressionsResolveTransformer.kt:746)
	at org.jetbrains.kotlin.fir.resolve.transformers.body.resolve.FirAbstractBodyResolveTransformerDispatcher.transformBlock(FirAbstractBodyResolveTransformerDispatcher.kt:236)
	at org.jetbrains.kotlin.fir.resolve.transformers.body.resolve.FirAbstractBodyResolveTransformerDispatcher.transformBlock(FirAbstractBodyResolveTransformerDispatcher.kt:27)
	at org.jetbrains.kotlin.fir.expressions.FirBlock.transform(FirBlock.kt:33)
	at org.jetbrains.kotlin.fir.resolve.transformers.body.resolve.FirPartialBodyResolveTransformer.transformElement(FirPartialBodyResolveTransformer.kt:36)
	at org.jetbrains.kotlin.fir.resolve.transformers.body.resolve.FirPartialBodyResolveTransformer.transformElement(FirPartialBodyResolveTransformer.kt:13)
	at org.jetbrains.kotlin.fir.visitors.FirTransformer.transformBlock(FirTransformer.kt:183)
	at org.jetbrains.kotlin.fir.expressions.FirBlock.transform(FirBlock.kt:33)
	at org.jetbrains.kotlin.fir.declarations.impl.FirNamedFunctionImpl.transformBody(FirNamedFunctionImpl.kt:117)
	at org.jetbrains.kotlin.fir.declarations.impl.FirNamedFunctionImpl.transformBody(FirNamedFunctionImpl.kt:32)
	at org.jetbrains.kotlin.fir.resolve.transformers.body.resolve.FirDeclarationsResolveTransformer.transformFunctionContent(FirDeclarationsResolveTransformer.kt:1110)
	at org.jetbrains.kotlin.fir.resolve.transformers.body.resolve.FirDeclarationsResolveTransformer.transformFunctionWithGivenSignature(FirDeclarationsResolveTransformer.kt:1031)
	at org.jetbrains.kotlin.fir.resolve.transformers.body.resolve.FirDeclarationsResolveTransformer.access$transformFunctionWithGivenSignature(FirDeclarationsResolveTransformer.kt:70)
	at org.jetbrains.kotlin.fir.resolve.transformers.body.resolve.FirDeclarationsResolveTransformer.transformNamedFunction$lambda$0$0$0(FirDeclarationsResolveTransformer.kt:1023)
	at org.jetbrains.kotlin.fir.resolve.transformers.body.resolve.BodyResolveContext.withParameters(BodyResolveContext.kt:1526)
	at org.jetbrains.kotlin.fir.resolve.transformers.body.resolve.BodyResolveContext.forFunctionBody(BodyResolveContext.kt:849)
	at org.jetbrains.kotlin.fir.resolve.transformers.body.resolve.FirDeclarationsResolveTransformer.transformNamedFunction(FirDeclarationsResolveTransformer.kt:1021)
	at org.jetbrains.kotlin.fir.resolve.transformers.body.resolve.FirAbstractBodyResolveTransformerDispatcher.transformNamedFunction(FirAbstractBodyResolveTransformerDispatcher.kt:588)
	at org.jetbrains.kotlin.fir.resolve.transformers.body.resolve.FirImplicitAwareBodyResolveTransformer.transformNamedFunction$lambda$0(FirImplicitBodyResolve.kt:154)
	at org.jetbrains.kotlin.fir.resolve.transformers.body.resolve.FirImplicitAwareBodyResolveTransformer.computeCachedTransformationResult(FirImplicitBodyResolve.kt:169)
	at org.jetbrains.kotlin.fir.resolve.transformers.body.resolve.FirImplicitAwareBodyResolveTransformer.transformNamedFunction(FirImplicitBodyResolve.kt:153)
	at org.jetbrains.kotlin.fir.resolve.transformers.body.resolve.FirImplicitAwareBodyResolveTransformer.transformNamedFunction(FirImplicitBodyResolve.kt:116)
	at org.jetbrains.kotlin.fir.declarations.FirNamedFunction.transform(FirNamedFunction.kt:75)
	at org.jetbrains.kotlin.fir.expressions.FirExpressionUtilKt.transformStatementsIndexed(FirExpressionUtil.kt:231)
	at org.jetbrains.kotlin.fir.resolve.transformers.body.resolve.FirExpressionsResolveTransformer.transformBlockInCurrentScope$resolve(FirExpressionsResolveTransformer.kt:755)
	at org.jetbrains.kotlin.fir.resolve.transformers.body.resolve.FirExpressionsResolveTransformer.transformBlock(FirExpressionsResolveTransformer.kt:746)
	at org.jetbrains.kotlin.fir.resolve.transformers.body.resolve.FirAbstractBodyResolveTransformerDispatcher.transformBlock(FirAbstractBodyResolveTransformerDispatcher.kt:236)
	at org.jetbrains.kotlin.fir.resolve.transformers.body.resolve.FirAbstractBodyResolveTransformerDispatcher.transformBlock(FirAbstractBodyResolveTransformerDispatcher.kt:27)
	at org.jetbrains.kotlin.fir.expressions.FirBlock.transform(FirBlock.kt:33)
	at org.jetbrains.kotlin.fir.resolve.transformers.body.resolve.FirPartialBodyResolveTransformer.transformElement(FirPartialBodyResolveTransformer.kt:36)
	at org.jetbrains.kotlin.fir.resolve.transformers.body.resolve.FirPartialBodyResolveTransformer.transformElement(FirPartialBodyResolveTransformer.kt:13)
	at org.jetbrains.kotlin.fir.visitors.FirTransformer.transformBlock(FirTransformer.kt:183)
	at org.jetbrains.kotlin.fir.expressions.FirBlock.transform(FirBlock.kt:33)
	at org.jetbrains.kotlin.fir.declarations.impl.FirAnonymousFunctionImpl.transformBody(FirAnonymousFunctionImpl.kt:134)
	at org.jetbrains.kotlin.fir.declarations.impl.FirAnonymousFunctionImpl.transformBody(FirAnonymousFunctionImpl.kt:33)
	at org.jetbrains.kotlin.fir.resolve.transformers.body.resolve.FirDeclarationsResolveTransformer.transformFunctionContent(FirDeclarationsResolveTransformer.kt:1110)
	at org.jetbrains.kotlin.fir.resolve.transformers.body.resolve.FirDeclarationsResolveTransformer.transformAnonymousFunctionBody$lambda$0(FirDeclarationsResolveTransformer.kt:1533)
	at org.jetbrains.kotlin.fir.resolve.transformers.body.resolve.BodyResolveContext.withAnonymousFunction(BodyResolveContext.kt:905)
	at org.jetbrains.kotlin.fir.resolve.transformers.body.resolve.FirDeclarationsResolveTransformer.transformAnonymousFunctionBody(FirDeclarationsResolveTransformer.kt:1523)
	at org.jetbrains.kotlin.fir.resolve.transformers.body.resolve.FirDeclarationsResolveTransformer.doTransformAnonymousFunctionBodyFromCallCompletion$resolve(FirDeclarationsResolveTransformer.kt:1513)
	at org.jetbrains.kotlin.fir.resolve.inference.FirCallCompleter$LambdaAnalyzerImpl.analyzeAndGetLambdaReturnArguments$lambda$5$2(FirCallCompleter.kt:485)
	at org.jetbrains.kotlin.fir.resolve.inference.FirPCLAInferenceSession.runWithSpecifiedCurrentCommonSystem(FirPCLAInferenceSession.kt:108)
	at org.jetbrains.kotlin.fir.resolve.inference.FirPCLAInferenceSession.runLambdaCompletion(FirPCLAInferenceSession.kt:99)
	at org.jetbrains.kotlin.fir.resolve.inference.FirCallCompleter$LambdaAnalyzerImpl.analyzeAndGetLambdaReturnArguments(FirCallCompleter.kt:484)
	at org.jetbrains.kotlin.fir.resolve.inference.PostponedArgumentsAnalyzer.analyzeLambda(PostponedArgumentsAnalyzer.kt:322)
	at org.jetbrains.kotlin.fir.resolve.inference.PostponedArgumentsAnalyzer.analyzeLambda$default(PostponedArgumentsAnalyzer.kt:268)
	at org.jetbrains.kotlin.fir.resolve.inference.PostponedArgumentsAnalyzer.analyze(PostponedArgumentsAnalyzer.kt:80)
	at org.jetbrains.kotlin.fir.resolve.inference.FirCallCompleter.runCompletionForCall$lambda$0(FirCallCompleter.kt:311)
	at org.jetbrains.kotlin.fir.resolve.inference.ConstraintSystemCompleter.runCompletion$lambda$0(ConstraintSystemCompleter.kt:79)
	at org.jetbrains.kotlin.resolve.calls.inference.components.ConstraintSystemCompletionContext.analyzeArgumentWithFixedParameterTypes(ConstraintSystemCompletionContext.kt:50)
	at org.jetbrains.kotlin.fir.resolve.inference.ConstraintSystemCompleter.runCompletion(ConstraintSystemCompleter.kt:78)
	at org.jetbrains.kotlin.fir.resolve.inference.ConstraintSystemCompleter.complete(ConstraintSystemCompleter.kt:54)
	at org.jetbrains.kotlin.fir.resolve.inference.FirCallCompleter.runCompletionForCall(FirCallCompleter.kt:304)
	at org.jetbrains.kotlin.fir.resolve.inference.FirCallCompleter.completeCall(FirCallCompleter.kt:135)
	at org.jetbrains.kotlin.fir.resolve.transformers.body.resolve.FirExpressionsResolveTransformer.transformFunctionCallInternal$resolve(FirExpressionsResolveTransformer.kt:598)
	at org.jetbrains.kotlin.fir.resolve.transformers.body.resolve.FirExpressionsResolveTransformer.transformFunctionCall(FirExpressionsResolveTransformer.kt:521)
	at org.jetbrains.kotlin.fir.resolve.transformers.body.resolve.FirAbstractBodyResolveTransformerDispatcher.transformFunctionCall(FirAbstractBodyResolveTransformerDispatcher.kt:209)
	at org.jetbrains.kotlin.fir.resolve.transformers.body.resolve.FirAbstractBodyResolveTransformerDispatcher.transformFunctionCall(FirAbstractBodyResolveTransformerDispatcher.kt:27)
	at org.jetbrains.kotlin.fir.expressions.FirFunctionCall.transform(FirFunctionCall.kt:45)
	at org.jetbrains.kotlin.fir.expressions.FirExpressionUtilKt.transformStatementsIndexed(FirExpressionUtil.kt:231)
	at org.jetbrains.kotlin.fir.resolve.transformers.body.resolve.FirExpressionsResolveTransformer.transformBlockInCurrentScope$resolve(FirExpressionsResolveTransformer.kt:755)
	at org.jetbrains.kotlin.fir.resolve.transformers.body.resolve.FirExpressionsResolveTransformer.transformBlock(FirExpressionsResolveTransformer.kt:746)
	at org.jetbrains.kotlin.fir.resolve.transformers.body.resolve.FirAbstractBodyResolveTransformerDispatcher.transformBlock(FirAbstractBodyResolveTransformerDispatcher.kt:236)
	at org.jetbrains.kotlin.fir.resolve.transformers.body.resolve.FirAbstractBodyResolveTransformerDispatcher.transformBlock(FirAbstractBodyResolveTransformerDispatcher.kt:27)
	at org.jetbrains.kotlin.fir.expressions.FirBlock.transform(FirBlock.kt:33)
	at org.jetbrains.kotlin.fir.resolve.transformers.body.resolve.FirPartialBodyResolveTransformer.transformElement(FirPartialBodyResolveTransformer.kt:36)
	at org.jetbrains.kotlin.fir.resolve.transformers.body.resolve.FirPartialBodyResolveTransformer.transformElement(FirPartialBodyResolveTransformer.kt:13)
	at org.jetbrains.kotlin.fir.visitors.FirTransformer.transformBlock(FirTransformer.kt:183)
	at org.jetbrains.kotlin.fir.expressions.FirBlock.transform(FirBlock.kt:33)
	at org.jetbrains.kotlin.fir.declarations.impl.FirNamedFunctionImpl.transformBody(FirNamedFunctionImpl.kt:117)
	at org.jetbrains.kotlin.fir.declarations.impl.FirNamedFunctionImpl.transformBody(FirNamedFunctionImpl.kt:32)
	at org.jetbrains.kotlin.fir.resolve.transformers.body.resolve.FirDeclarationsResolveTransformer.transformFunctionContent(FirDeclarationsResolveTransformer.kt:1110)
	at org.jetbrains.kotlin.fir.resolve.transformers.body.resolve.FirDeclarationsResolveTransformer.transformFunctionWithGivenSignature(FirDeclarationsResolveTransformer.kt:1031)
	at org.jetbrains.kotlin.fir.resolve.transformers.body.resolve.FirDeclarationsResolveTransformer.access$transformFunctionWithGivenSignature(FirDeclarationsResolveTransformer.kt:70)
	at org.jetbrains.kotlin.fir.resolve.transformers.body.resolve.FirDeclarationsResolveTransformer.transformNamedFunction$lambda$0$0$0(FirDeclarationsResolveTransformer.kt:1023)
	at org.jetbrains.kotlin.fir.resolve.transformers.body.resolve.BodyResolveContext.withParameters(BodyResolveContext.kt:1526)
	at org.jetbrains.kotlin.fir.resolve.transformers.body.resolve.BodyResolveContext.forFunctionBody(BodyResolveContext.kt:849)
	at org.jetbrains.kotlin.fir.resolve.transformers.body.resolve.FirDeclarationsResolveTransformer.transformNamedFunction(FirDeclarationsResolveTransformer.kt:1021)
	at org.jetbrains.kotlin.fir.resolve.transformers.body.resolve.FirAbstractBodyResolveTransformerDispatcher.transformNamedFunction(FirAbstractBodyResolveTransformerDispatcher.kt:588)
	at org.jetbrains.kotlin.fir.resolve.transformers.body.resolve.FirImplicitAwareBodyResolveTransformer.transformNamedFunction$lambda$0(FirImplicitBodyResolve.kt:154)
	at org.jetbrains.kotlin.fir.resolve.transformers.body.resolve.FirImplicitAwareBodyResolveTransformer.computeCachedTransformationResult(FirImplicitBodyResolve.kt:169)
	at org.jetbrains.kotlin.fir.resolve.transformers.body.resolve.FirImplicitAwareBodyResolveTransformer.transformNamedFunction(FirImplicitBodyResolve.kt:153)
	at org.jetbrains.kotlin.fir.resolve.transformers.body.resolve.FirImplicitAwareBodyResolveTransformer.transformNamedFunction(FirImplicitBodyResolve.kt:116)
	at org.jetbrains.kotlin.fir.declarations.FirNamedFunction.transform(FirNamedFunction.kt:75)
	at org.jetbrains.kotlin.fir.expressions.FirExpressionUtilKt.transformStatementsIndexed(FirExpressionUtil.kt:231)
	at org.jetbrains.kotlin.fir.resolve.transformers.body.resolve.FirExpressionsResolveTransformer.transformBlockInCurrentScope$resolve(FirExpressionsResolveTransformer.kt:755)
	at org.jetbrains.kotlin.fir.resolve.transformers.body.resolve.FirExpressionsResolveTransformer.transformBlock(FirExpressionsResolveTransformer.kt:746)
	at org.jetbrains.kotlin.fir.resolve.transformers.body.resolve.FirAbstractBodyResolveTransformerDispatcher.transformBlock(FirAbstractBodyResolveTransformerDispatcher.kt:236)
	at org.jetbrains.kotlin.fir.resolve.transformers.body.resolve.FirAbstractBodyResolveTransformerDispatcher.transformBlock(FirAbstractBodyResolveTransformerDispatcher.kt:27)
	at org.jetbrains.kotlin.fir.expressions.FirBlock.transform(FirBlock.kt:33)
	at org.jetbrains.kotlin.fir.resolve.transformers.body.resolve.FirPartialBodyResolveTransformer.transformElement(FirPartialBodyResolveTransformer.kt:36)
	at org.jetbrains.kotlin.fir.resolve.transformers.body.resolve.FirPartialBodyResolveTransformer.transformElement(FirPartialBodyResolveTransformer.kt:13)
	at org.jetbrains.kotlin.fir.visitors.FirTransformer.transformBlock(FirTransformer.kt:183)
	at org.jetbrains.kotlin.fir.expressions.FirBlock.transform(FirBlock.kt:33)
	at org.jetbrains.kotlin.fir.declarations.impl.FirAnonymousFunctionImpl.transformBody(FirAnonymousFunctionImpl.kt:134)
	at org.jetbrains.kotlin.fir.declarations.impl.FirAnonymousFunctionImpl.transformBody(FirAnonymousFunctionImpl.kt:33)
	at org.jetbrains.kotlin.fir.resolve.transformers.body.resolve.FirDeclarationsResolveTransformer.transformFunctionContent(FirDeclarationsResolveTransformer.kt:1110)
	at org.jetbrains.kotlin.fir.resolve.transformers.body.resolve.FirDeclarationsResolveTransformer.transformAnonymousFunctionBody$lambda$0(FirDeclarationsResolveTransformer.kt:1533)
	at org.jetbrains.kotlin.fir.resolve.transformers.body.resolve.BodyResolveContext.withAnonymousFunction(BodyResolveContext.kt:905)
	at org.jetbrains.kotlin.fir.resolve.transformers.body.resolve.FirDeclarationsResolveTransformer.transformAnonymousFunctionBody(FirDeclarationsResolveTransformer.kt:1523)
	at org.jetbrains.kotlin.fir.resolve.transformers.body.resolve.FirDeclarationsResolveTransformer.doTransformAnonymousFunctionBodyFromCallCompletion$resolve(FirDeclarationsResolveTransformer.kt:1513)
	at org.jetbrains.kotlin.fir.resolve.inference.FirCallCompleter$LambdaAnalyzerImpl.analyzeAndGetLambdaReturnArguments$lambda$5$2(FirCallCompleter.kt:485)
	at org.jetbrains.kotlin.fir.resolve.inference.FirPCLAInferenceSession.runWithSpecifiedCurrentCommonSystem(FirPCLAInferenceSession.kt:108)
	at org.jetbrains.kotlin.fir.resolve.inference.FirPCLAInferenceSession.runLambdaCompletion(FirPCLAInferenceSession.kt:99)
	at org.jetbrains.kotlin.fir.resolve.inference.FirCallCompleter$LambdaAnalyzerImpl.analyzeAndGetLambdaReturnArguments(FirCallCompleter.kt:484)
	at org.jetbrains.kotlin.fir.resolve.inference.PostponedArgumentsAnalyzer.analyzeLambda(PostponedArgumentsAnalyzer.kt:322)
	at org.jetbrains.kotlin.fir.resolve.inference.PostponedArgumentsAnalyzer.analyzeLambda$default(PostponedArgumentsAnalyzer.kt:268)
	at org.jetbrains.kotlin.fir.resolve.inference.PostponedArgumentsAnalyzer.analyze(PostponedArgumentsAnalyzer.kt:80)
	at org.jetbrains.kotlin.fir.resolve.inference.FirCallCompleter.runCompletionForCall$lambda$0(FirCallCompleter.kt:311)
	at org.jetbrains.kotlin.fir.resolve.inference.ConstraintSystemCompleter.runCompletion$lambda$0(ConstraintSystemCompleter.kt:79)
	at org.jetbrains.kotlin.resolve.calls.inference.components.ConstraintSystemCompletionContext.analyzeArgumentWithFixedParameterTypes(ConstraintSystemCompletionContext.kt:50)
	at org.jetbrains.kotlin.fir.resolve.inference.ConstraintSystemCompleter.runCompletion(ConstraintSystemCompleter.kt:78)
	at org.jetbrains.kotlin.fir.resolve.inference.ConstraintSystemCompleter.complete(ConstraintSystemCompleter.kt:54)
	at org.jetbrains.kotlin.fir.resolve.inference.FirCallCompleter.runCompletionForCall(FirCallCompleter.kt:304)
	at org.jetbrains.kotlin.fir.resolve.inference.FirCallCompleter.completeCall(FirCallCompleter.kt:135)
	at org.jetbrains.kotlin.fir.resolve.transformers.body.resolve.FirExpressionsResolveTransformer.transformFunctionCallInternal$resolve(FirExpressionsResolveTransformer.kt:598)
	at org.jetbrains.kotlin.fir.resolve.transformers.body.resolve.FirExpressionsResolveTransformer.transformFunctionCall(FirExpressionsResolveTransformer.kt:521)
	at org.jetbrains.kotlin.fir.resolve.transformers.body.resolve.FirAbstractBodyResolveTransformerDispatcher.transformFunctionCall(FirAbstractBodyResolveTransformerDispatcher.kt:209)
	at org.jetbrains.kotlin.fir.resolve.transformers.body.resolve.FirAbstractBodyResolveTransformerDispatcher.transformFunctionCall(FirAbstractBodyResolveTransformerDispatcher.kt:27)
	at org.jetbrains.kotlin.fir.expressions.FirFunctionCall.transform(FirFunctionCall.kt:45)
	at org.jetbrains.kotlin.fir.expressions.FirExpressionUtilKt.transformStatementsIndexed(FirExpressionUtil.kt:231)
	at org.jetbrains.kotlin.fir.resolve.transformers.body.resolve.FirExpressionsResolveTransformer.transformBlockInCurrentScope$resolve(FirExpressionsResolveTransformer.kt:755)
	at org.jetbrains.kotlin.fir.resolve.transformers.body.resolve.FirExpressionsResolveTransformer.transformBlock(FirExpressionsResolveTransformer.kt:746)
	at org.jetbrains.kotlin.fir.resolve.transformers.body.resolve.FirAbstractBodyResolveTransformerDispatcher.transformBlock(FirAbstractBodyResolveTransformerDispatcher.kt:236)
	at org.jetbrains.kotlin.fir.resolve.transformers.body.resolve.FirAbstractBodyResolveTransformerDispatcher.transformBlock(FirAbstractBodyResolveTransformerDispatcher.kt:27)
	at org.jetbrains.kotlin.fir.expressions.FirBlock.transform(FirBlock.kt:33)
	at org.jetbrains.kotlin.fir.resolve.transformers.body.resolve.FirPartialBodyResolveTransformer.transformElement(FirPartialBodyResolveTransformer.kt:36)
	at org.jetbrains.kotlin.fir.resolve.transformers.body.resolve.FirPartialBodyResolveTransformer.transformElement(FirPartialBodyResolveTransformer.kt:13)
	at org.jetbrains.kotlin.fir.visitors.FirTransformer.transformBlock(FirTransformer.kt:183)
	at org.jetbrains.kotlin.fir.expressions.FirBlock.transform(FirBlock.kt:33)
	at org.jetbrains.kotlin.fir.declarations.impl.FirAnonymousFunctionImpl.transformBody(FirAnonymousFunctionImpl.kt:134)
	at org.jetbrains.kotlin.fir.declarations.impl.FirAnonymousFunctionImpl.transformBody(FirAnonymousFunctionImpl.kt:33)
	at org.jetbrains.kotlin.fir.resolve.transformers.body.resolve.FirDeclarationsResolveTransformer.transformFunctionContent(FirDeclarationsResolveTransformer.kt:1110)
	at org.jetbrains.kotlin.fir.resolve.transformers.body.resolve.FirDeclarationsResolveTransformer.transformAnonymousFunctionBody$lambda$0(FirDeclarationsResolveTransformer.kt:1533)
	at org.jetbrains.kotlin.fir.resolve.transformers.body.resolve.BodyResolveContext.withAnonymousFunction(BodyResolveContext.kt:905)
	at org.jetbrains.kotlin.fir.resolve.transformers.body.resolve.FirDeclarationsResolveTransformer.transformAnonymousFunctionBody(FirDeclarationsResolveTransformer.kt:1523)
	at org.jetbrains.kotlin.fir.resolve.transformers.body.resolve.FirDeclarationsResolveTransformer.doTransformAnonymousFunctionBodyFromCallCompletion$resolve(FirDeclarationsResolveTransformer.kt:1510)
	at org.jetbrains.kotlin.fir.resolve.inference.FirCallCompleter$LambdaAnalyzerImpl.analyzeAndGetLambdaReturnArguments$lambda$5$2(FirCallCompleter.kt:485)
	at org.jetbrains.kotlin.fir.resolve.inference.FirPCLAInferenceSession.runWithSpecifiedCurrentCommonSystem(FirPCLAInferenceSession.kt:108)
	at org.jetbrains.kotlin.fir.resolve.inference.FirPCLAInferenceSession.runLambdaCompletion(FirPCLAInferenceSession.kt:99)
	at org.jetbrains.kotlin.fir.resolve.inference.FirCallCompleter$LambdaAnalyzerImpl.analyzeAndGetLambdaReturnArguments(FirCallCompleter.kt:484)
	at org.jetbrains.kotlin.fir.resolve.inference.PostponedArgumentsAnalyzer.analyzeLambda(PostponedArgumentsAnalyzer.kt:322)
	at org.jetbrains.kotlin.fir.resolve.inference.PostponedArgumentsAnalyzer.analyzeLambda$default(PostponedArgumentsAnalyzer.kt:268)
	at org.jetbrains.kotlin.fir.resolve.inference.PostponedArgumentsAnalyzer.analyze(PostponedArgumentsAnalyzer.kt:80)
	at org.jetbrains.kotlin.fir.resolve.inference.FirCallCompleter.runCompletionForCall$lambda$0(FirCallCompleter.kt:311)
	at org.jetbrains.kotlin.fir.resolve.inference.ConstraintSystemCompleter.runCompletion$lambda$0(ConstraintSystemCompleter.kt:79)
	at org.jetbrains.kotlin.resolve.calls.inference.components.ConstraintSystemCompletionContext.analyzeArgumentWithFixedParameterTypes(ConstraintSystemCompletionContext.kt:50)
	at org.jetbrains.kotlin.fir.resolve.inference.ConstraintSystemCompleter.runCompletion(ConstraintSystemCompleter.kt:78)
	at org.jetbrains.kotlin.fir.resolve.inference.ConstraintSystemCompleter.complete(ConstraintSystemCompleter.kt:54)
	at org.jetbrains.kotlin.fir.resolve.inference.FirCallCompleter.runCompletionForCall(FirCallCompleter.kt:304)
	at org.jetbrains.kotlin.fir.resolve.inference.FirCallCompleter.completeCall(FirCallCompleter.kt:135)
	at org.jetbrains.kotlin.fir.resolve.transformers.body.resolve.FirExpressionsResolveTransformer.transformFunctionCallInternal$resolve(FirExpressionsResolveTransformer.kt:598)
	at org.jetbrains.kotlin.fir.resolve.transformers.body.resolve.FirExpressionsResolveTransformer.transformFunctionCall(FirExpressionsResolveTransformer.kt:521)
	at org.jetbrains.kotlin.fir.resolve.transformers.body.resolve.FirExpressionsResolveTransformer.transformFunctionCall(FirExpressionsResolveTransformer.kt:73)
	at org.jetbrains.kotlin.fir.expressions.FirFunctionCall.transform(FirFunctionCall.kt:45)
	at org.jetbrains.kotlin.fir.expressions.impl.FirSafeCallExpressionImpl.transformSelector(FirSafeCallExpressionImpl.kt:58)
	at org.jetbrains.kotlin.fir.expressions.impl.FirSafeCallExpressionImpl.transformSelector(FirSafeCallExpressionImpl.kt:23)
	at org.jetbrains.kotlin.fir.resolve.transformers.body.resolve.FirExpressionsResolveTransformer.transformSafeCallExpression(FirExpressionsResolveTransformer.kt:492)
	at org.jetbrains.kotlin.fir.resolve.transformers.body.resolve.FirAbstractBodyResolveTransformerDispatcher.transformSafeCallExpression(FirAbstractBodyResolveTransformerDispatcher.kt:424)
	at org.jetbrains.kotlin.fir.resolve.transformers.body.resolve.FirAbstractBodyResolveTransformerDispatcher.transformSafeCallExpression(FirAbstractBodyResolveTransformerDispatcher.kt:27)
	at org.jetbrains.kotlin.fir.expressions.FirSafeCallExpression.transform(FirSafeCallExpression.kt:35)
	at org.jetbrains.kotlin.fir.expressions.FirExpressionUtilKt.transformStatementsIndexed(FirExpressionUtil.kt:231)
	at org.jetbrains.kotlin.fir.resolve.transformers.body.resolve.FirExpressionsResolveTransformer.transformBlockInCurrentScope$resolve(FirExpressionsResolveTransformer.kt:755)
	at org.jetbrains.kotlin.fir.resolve.transformers.body.resolve.FirExpressionsResolveTransformer.transformBlock(FirExpressionsResolveTransformer.kt:746)
	at org.jetbrains.kotlin.fir.resolve.transformers.body.resolve.FirAbstractBodyResolveTransformerDispatcher.transformBlock(FirAbstractBodyResolveTransformerDispatcher.kt:236)
	at org.jetbrains.kotlin.fir.resolve.transformers.body.resolve.FirAbstractBodyResolveTransformerDispatcher.transformBlock(FirAbstractBodyResolveTransformerDispatcher.kt:27)
	at org.jetbrains.kotlin.fir.expressions.FirBlock.transform(FirBlock.kt:33)
	at org.jetbrains.kotlin.fir.resolve.transformers.body.resolve.FirPartialBodyResolveTransformer.transformElement(FirPartialBodyResolveTransformer.kt:36)
	at org.jetbrains.kotlin.fir.resolve.transformers.body.resolve.FirPartialBodyResolveTransformer.transformElement(FirPartialBodyResolveTransformer.kt:13)
	at org.jetbrains.kotlin.fir.visitors.FirTransformer.transformBlock(FirTransformer.kt:183)
	at org.jetbrains.kotlin.fir.expressions.FirBlock.transform(FirBlock.kt:33)
	at org.jetbrains.kotlin.fir.declarations.impl.FirNamedFunctionImpl.transformBody(FirNamedFunctionImpl.kt:117)
	at org.jetbrains.kotlin.fir.declarations.impl.FirNamedFunctionImpl.transformBody(FirNamedFunctionImpl.kt:32)
	at org.jetbrains.kotlin.fir.resolve.transformers.body.resolve.FirDeclarationsResolveTransformer.transformFunctionContent(FirDeclarationsResolveTransformer.kt:1110)
	at org.jetbrains.kotlin.fir.resolve.transformers.body.resolve.FirDeclarationsResolveTransformer.transformFunctionWithGivenSignature(FirDeclarationsResolveTransformer.kt:1031)
	at org.jetbrains.kotlin.fir.resolve.transformers.body.resolve.FirDeclarationsResolveTransformer.access$transformFunctionWithGivenSignature(FirDeclarationsResolveTransformer.kt:70)
	at org.jetbrains.kotlin.fir.resolve.transformers.body.resolve.FirDeclarationsResolveTransformer.transformNamedFunction$lambda$0$0$0(FirDeclarationsResolveTransformer.kt:1023)
	at org.jetbrains.kotlin.fir.resolve.transformers.body.resolve.BodyResolveContext.withParameters(BodyResolveContext.kt:1526)
	at org.jetbrains.kotlin.fir.resolve.transformers.body.resolve.BodyResolveContext.forFunctionBody(BodyResolveContext.kt:849)
	at org.jetbrains.kotlin.fir.resolve.transformers.body.resolve.FirDeclarationsResolveTransformer.transformNamedFunction(FirDeclarationsResolveTransformer.kt:1021)
	at org.jetbrains.kotlin.fir.resolve.transformers.body.resolve.FirAbstractBodyResolveTransformerDispatcher.transformNamedFunction(FirAbstractBodyResolveTransformerDispatcher.kt:588)
	at org.jetbrains.kotlin.fir.resolve.transformers.body.resolve.FirImplicitAwareBodyResolveTransformer.transformNamedFunction$lambda$0(FirImplicitBodyResolve.kt:154)
	at org.jetbrains.kotlin.fir.resolve.transformers.body.resolve.FirImplicitAwareBodyResolveTransformer.computeCachedTransformationResult(FirImplicitBodyResolve.kt:169)
	at org.jetbrains.kotlin.fir.resolve.transformers.body.resolve.FirImplicitAwareBodyResolveTransformer.transformNamedFunction(FirImplicitBodyResolve.kt:153)
	at org.jetbrains.kotlin.fir.resolve.transformers.body.resolve.FirImplicitAwareBodyResolveTransformer.transformNamedFunction(FirImplicitBodyResolve.kt:116)
	at org.jetbrains.kotlin.fir.declarations.FirNamedFunction.transform(FirNamedFunction.kt:75)
	at org.jetbrains.kotlin.fir.expressions.FirExpressionUtilKt.transformStatementsIndexed(FirExpressionUtil.kt:231)
	at org.jetbrains.kotlin.fir.resolve.transformers.body.resolve.FirExpressionsResolveTransformer.transformBlockInCurrentScope$resolve(FirExpressionsResolveTransformer.kt:755)
	at org.jetbrains.kotlin.fir.resolve.transformers.body.resolve.FirExpressionsResolveTransformer.transformBlock(FirExpressionsResolveTransformer.kt:746)
	at org.jetbrains.kotlin.fir.resolve.transformers.body.resolve.FirAbstractBodyResolveTransformerDispatcher.transformBlock(FirAbstractBodyResolveTransformerDispatcher.kt:236)
	at org.jetbrains.kotlin.fir.resolve.transformers.body.resolve.FirAbstractBodyResolveTransformerDispatcher.transformBlock(FirAbstractBodyResolveTransformerDispatcher.kt:27)
	at org.jetbrains.kotlin.fir.expressions.FirBlock.transform(FirBlock.kt:33)
	at org.jetbrains.kotlin.fir.resolve.transformers.body.resolve.FirPartialBodyResolveTransformer.transformElement(FirPartialBodyResolveTransformer.kt:36)
	at org.jetbrains.kotlin.fir.resolve.transformers.body.resolve.FirPartialBodyResolveTransformer.transformElement(FirPartialBodyResolveTransformer.kt:13)
	at org.jetbrains.kotlin.fir.visitors.FirTransformer.transformBlock(FirTransformer.kt:183)
	at org.jetbrains.kotlin.fir.expressions.FirBlock.transform(FirBlock.kt:33)
	at org.jetbrains.kotlin.fir.declarations.impl.FirAnonymousFunctionImpl.transformBody(FirAnonymousFunctionImpl.kt:134)
	at org.jetbrains.kotlin.fir.declarations.impl.FirAnonymousFunctionImpl.transformBody(FirAnonymousFunctionImpl.kt:33)
	at org.jetbrains.kotlin.fir.resolve.transformers.body.resolve.FirDeclarationsResolveTransformer.transformFunctionContent(FirDeclarationsResolveTransformer.kt:1110)
	at org.jetbrains.kotlin.fir.resolve.transformers.body.resolve.FirDeclarationsResolveTransformer.transformAnonymousFunctionBody$lambda$0(FirDeclarationsResolveTransformer.kt:1533)
	at org.jetbrains.kotlin.fir.resolve.transformers.body.resolve.BodyResolveContext.withAnonymousFunction(BodyResolveContext.kt:905)
	at org.jetbrains.kotlin.fir.resolve.transformers.body.resolve.FirDeclarationsResolveTransformer.transformAnonymousFunctionBody(FirDeclarationsResolveTransformer.kt:1523)
	at org.jetbrains.kotlin.fir.resolve.transformers.body.resolve.FirDeclarationsResolveTransformer.doTransformAnonymousFunctionBodyFromCallCompletion$resolve(FirDeclarationsResolveTransformer.kt:1510)
	at org.jetbrains.kotlin.fir.resolve.inference.FirCallCompleter$LambdaAnalyzerImpl.analyzeAndGetLambdaReturnArguments$lambda$5$2(FirCallCompleter.kt:485)
	at org.jetbrains.kotlin.fir.resolve.inference.FirPCLAInferenceSession.runWithSpecifiedCurrentCommonSystem(FirPCLAInferenceSession.kt:108)
	at org.jetbrains.kotlin.fir.resolve.inference.FirPCLAInferenceSession.runLambdaCompletion(FirPCLAInferenceSession.kt:99)
	at org.jetbrains.kotlin.fir.resolve.inference.FirCallCompleter$LambdaAnalyzerImpl.analyzeAndGetLambdaReturnArguments(FirCallCompleter.kt:484)
	at org.jetbrains.kotlin.fir.resolve.inference.PostponedArgumentsAnalyzer.analyzeLambda(PostponedArgumentsAnalyzer.kt:322)
	at org.jetbrains.kotlin.fir.resolve.inference.PostponedArgumentsAnalyzer.analyzeLambda$default(PostponedArgumentsAnalyzer.kt:268)
	at org.jetbrains.kotlin.fir.resolve.inference.PostponedArgumentsAnalyzer.analyze(PostponedArgumentsAnalyzer.kt:83)
	at org.jetbrains.kotlin.fir.resolve.inference.FirCallCompleter.runCompletionForCall$lambda$0(FirCallCompleter.kt:311)
	at org.jetbrains.kotlin.fir.resolve.inference.ConstraintSystemCompleter.runCompletion$lambda$5(ConstraintSystemCompleter.kt:165)
	at org.jetbrains.kotlin.resolve.calls.inference.components.ConstraintSystemCompletionContext.analyzeNextReadyPostponedArgument(ConstraintSystemCompletionContext.kt:66)
	at org.jetbrains.kotlin.fir.resolve.inference.ConstraintSystemCompleter.runCompletion(ConstraintSystemCompleter.kt:164)
	at org.jetbrains.kotlin.fir.resolve.inference.ConstraintSystemCompleter.complete(ConstraintSystemCompleter.kt:54)
	at org.jetbrains.kotlin.fir.resolve.inference.FirCallCompleter.runCompletionForCall(FirCallCompleter.kt:304)
	at org.jetbrains.kotlin.fir.resolve.inference.FirCallCompleter.completeCall(FirCallCompleter.kt:135)
	at org.jetbrains.kotlin.fir.resolve.inference.FirCallCompleter.completeCall$default(FirCallCompleter.kt:73)
	at org.jetbrains.kotlin.fir.resolve.transformers.body.resolve.FirControlFlowStatementsResolveTransformer.transformWhenExpression$lambda$1(FirControlFlowStatementsResolveTransformer.kt:100)
	at org.jetbrains.kotlin.fir.resolve.transformers.body.resolve.BodyResolveContext.withWhenExpression(BodyResolveContext.kt:1125)
	at org.jetbrains.kotlin.fir.resolve.transformers.body.resolve.FirControlFlowStatementsResolveTransformer.transformWhenExpression(FirControlFlowStatementsResolveTransformer.kt:59)
	at org.jetbrains.kotlin.fir.resolve.transformers.body.resolve.FirAbstractBodyResolveTransformerDispatcher.transformWhenExpression(FirAbstractBodyResolveTransformerDispatcher.kt:697)
	at org.jetbrains.kotlin.fir.resolve.transformers.body.resolve.FirAbstractBodyResolveTransformerDispatcher.transformWhenExpression(FirAbstractBodyResolveTransformerDispatcher.kt:27)
	at org.jetbrains.kotlin.fir.expressions.FirWhenExpression.transform(FirWhenExpression.kt:38)
	at org.jetbrains.kotlin.fir.expressions.FirExpressionUtilKt.transformStatementsIndexed(FirExpressionUtil.kt:231)
	at org.jetbrains.kotlin.fir.resolve.transformers.body.resolve.FirExpressionsResolveTransformer.transformBlockInCurrentScope$resolve(FirExpressionsResolveTransformer.kt:755)
	at org.jetbrains.kotlin.fir.resolve.transformers.body.resolve.FirExpressionsResolveTransformer.transformBlock(FirExpressionsResolveTransformer.kt:746)
	at org.jetbrains.kotlin.fir.resolve.transformers.body.resolve.FirAbstractBodyResolveTransformerDispatcher.transformBlock(FirAbstractBodyResolveTransformerDispatcher.kt:236)
	at org.jetbrains.kotlin.fir.resolve.transformers.body.resolve.FirAbstractBodyResolveTransformerDispatcher.transformBlock(FirAbstractBodyResolveTransformerDispatcher.kt:27)
	at org.jetbrains.kotlin.fir.expressions.FirBlock.transform(FirBlock.kt:33)
	at org.jetbrains.kotlin.fir.resolve.transformers.body.resolve.FirPartialBodyResolveTransformer.transformElement(FirPartialBodyResolveTransformer.kt:36)
	at org.jetbrains.kotlin.fir.resolve.transformers.body.resolve.FirPartialBodyResolveTransformer.transformElement(FirPartialBodyResolveTransformer.kt:13)
	at org.jetbrains.kotlin.fir.visitors.FirTransformer.transformBlock(FirTransformer.kt:183)
	at org.jetbrains.kotlin.fir.expressions.FirBlock.transform(FirBlock.kt:33)
	at org.jetbrains.kotlin.fir.declarations.impl.FirAnonymousFunctionImpl.transformBody(FirAnonymousFunctionImpl.kt:134)
	at org.jetbrains.kotlin.fir.declarations.impl.FirAnonymousFunctionImpl.transformBody(FirAnonymousFunctionImpl.kt:33)
	at org.jetbrains.kotlin.fir.resolve.transformers.body.resolve.FirDeclarationsResolveTransformer.transformFunctionContent(FirDeclarationsResolveTransformer.kt:1110)
	at org.jetbrains.kotlin.fir.resolve.transformers.body.resolve.FirDeclarationsResolveTransformer.transformAnonymousFunctionBody$lambda$0(FirDeclarationsResolveTransformer.kt:1533)
	at org.jetbrains.kotlin.fir.resolve.transformers.body.resolve.BodyResolveContext.withAnonymousFunction(BodyResolveContext.kt:905)
	at org.jetbrains.kotlin.fir.resolve.transformers.body.resolve.FirDeclarationsResolveTransformer.transformAnonymousFunctionBody(FirDeclarationsResolveTransformer.kt:1523)
	at org.jetbrains.kotlin.fir.resolve.transformers.body.resolve.FirDeclarationsResolveTransformer.doTransformAnonymousFunctionBodyFromCallCompletion$resolve(FirDeclarationsResolveTransformer.kt:1510)
	at org.jetbrains.kotlin.fir.resolve.inference.FirCallCompleter$LambdaAnalyzerImpl.analyzeAndGetLambdaReturnArguments$lambda$5$2(FirCallCompleter.kt:485)
	at org.jetbrains.kotlin.fir.resolve.inference.FirPCLAInferenceSession.runWithSpecifiedCurrentCommonSystem(FirPCLAInferenceSession.kt:108)
	at org.jetbrains.kotlin.fir.resolve.inference.FirPCLAInferenceSession.runLambdaCompletion(FirPCLAInferenceSession.kt:99)
	at org.jetbrains.kotlin.fir.resolve.inference.FirCallCompleter$LambdaAnalyzerImpl.analyzeAndGetLambdaReturnArguments(FirCallCompleter.kt:484)
	at org.jetbrains.kotlin.fir.resolve.inference.PostponedArgumentsAnalyzer.analyzeLambda(PostponedArgumentsAnalyzer.kt:322)
	at org.jetbrains.kotlin.fir.resolve.inference.PostponedArgumentsAnalyzer.analyzeLambda$default(PostponedArgumentsAnalyzer.kt:268)
	at org.jetbrains.kotlin.fir.resolve.inference.PostponedArgumentsAnalyzer.analyze(PostponedArgumentsAnalyzer.kt:83)
	at org.jetbrains.kotlin.fir.resolve.inference.FirCallCompleter.runCompletionForCall$lambda$0(FirCallCompleter.kt:311)
	at org.jetbrains.kotlin.fir.resolve.inference.ConstraintSystemCompleter.runCompletion$lambda$5(ConstraintSystemCompleter.kt:165)
	at org.jetbrains.kotlin.resolve.calls.inference.components.ConstraintSystemCompletionContext.analyzeNextReadyPostponedArgument(ConstraintSystemCompletionContext.kt:66)
	at org.jetbrains.kotlin.fir.resolve.inference.ConstraintSystemCompleter.runCompletion(ConstraintSystemCompleter.kt:164)
	at org.jetbrains.kotlin.fir.resolve.inference.ConstraintSystemCompleter.complete(ConstraintSystemCompleter.kt:54)
	at org.jetbrains.kotlin.fir.resolve.inference.FirCallCompleter.runCompletionForCall(FirCallCompleter.kt:304)
	at org.jetbrains.kotlin.fir.resolve.inference.FirCallCompleter.completeCall(FirCallCompleter.kt:135)
	at org.jetbrains.kotlin.fir.resolve.inference.FirCallCompleter.completeCall$default(FirCallCompleter.kt:73)
	at org.jetbrains.kotlin.fir.resolve.transformers.body.resolve.FirControlFlowStatementsResolveTransformer.transformWhenExpression$lambda$1(FirControlFlowStatementsResolveTransformer.kt:100)
	at org.jetbrains.kotlin.fir.resolve.transformers.body.resolve.BodyResolveContext.withWhenExpression(BodyResolveContext.kt:1125)
	at org.jetbrains.kotlin.fir.resolve.transformers.body.resolve.FirControlFlowStatementsResolveTransformer.transformWhenExpression(FirControlFlowStatementsResolveTransformer.kt:59)
	at org.jetbrains.kotlin.fir.resolve.transformers.body.resolve.FirAbstractBodyResolveTransformerDispatcher.transformWhenExpression(FirAbstractBodyResolveTransformerDispatcher.kt:697)
	at org.jetbrains.kotlin.fir.resolve.transformers.body.resolve.FirAbstractBodyResolveTransformerDispatcher.transformWhenExpression(FirAbstractBodyResolveTransformerDispatcher.kt:27)
	at org.jetbrains.kotlin.fir.expressions.FirWhenExpression.transform(FirWhenExpression.kt:38)
	at org.jetbrains.kotlin.fir.expressions.FirExpressionUtilKt.transformStatementsIndexed(FirExpressionUtil.kt:231)
	at org.jetbrains.kotlin.fir.resolve.transformers.body.resolve.FirExpressionsResolveTransformer.transformBlockInCurrentScope$resolve(FirExpressionsResolveTransformer.kt:755)
	at org.jetbrains.kotlin.fir.resolve.transformers.body.resolve.FirExpressionsResolveTransformer.transformBlock(FirExpressionsResolveTransformer.kt:746)
	at org.jetbrains.kotlin.fir.resolve.transformers.body.resolve.FirAbstractBodyResolveTransformerDispatcher.transformBlock(FirAbstractBodyResolveTransformerDispatcher.kt:236)
	at org.jetbrains.kotlin.fir.resolve.transformers.body.resolve.FirAbstractBodyResolveTransformerDispatcher.transformBlock(FirAbstractBodyResolveTransformerDispatcher.kt:27)
	at org.jetbrains.kotlin.fir.expressions.FirBlock.transform(FirBlock.kt:33)
	at org.jetbrains.kotlin.fir.resolve.transformers.body.resolve.FirPartialBodyResolveTransformer.transformElement(FirPartialBodyResolveTransformer.kt:36)
	at org.jetbrains.kotlin.fir.resolve.transformers.body.resolve.FirPartialBodyResolveTransformer.transformElement(FirPartialBodyResolveTransformer.kt:13)
	at org.jetbrains.kotlin.fir.visitors.FirTransformer.transformBlock(FirTransformer.kt:183)
	at org.jetbrains.kotlin.fir.expressions.FirBlock.transform(FirBlock.kt:33)
	at org.jetbrains.kotlin.fir.declarations.impl.FirAnonymousFunctionImpl.transformBody(FirAnonymousFunctionImpl.kt:134)
	at org.jetbrains.kotlin.fir.declarations.impl.FirAnonymousFunctionImpl.transformBody(FirAnonymousFunctionImpl.kt:33)
	at org.jetbrains.kotlin.fir.resolve.transformers.body.resolve.FirDeclarationsResolveTransformer.transformFunctionContent(FirDeclarationsResolveTransformer.kt:1110)
	at org.jetbrains.kotlin.fir.resolve.transformers.body.resolve.FirDeclarationsResolveTransformer.transformAnonymousFunctionBody$lambda$0(FirDeclarationsResolveTransformer.kt:1533)
	at org.jetbrains.kotlin.fir.resolve.transformers.body.resolve.BodyResolveContext.withAnonymousFunction(BodyResolveContext.kt:905)
	at org.jetbrains.kotlin.fir.resolve.transformers.body.resolve.FirDeclarationsResolveTransformer.transformAnonymousFunctionBody(FirDeclarationsResolveTransformer.kt:1523)
	at org.jetbrains.kotlin.fir.resolve.transformers.body.resolve.FirDeclarationsResolveTransformer.doTransformAnonymousFunctionBodyFromCallCompletion$resolve(FirDeclarationsResolveTransformer.kt:1510)
	at org.jetbrains.kotlin.fir.resolve.inference.FirCallCompleter$LambdaAnalyzerImpl.analyzeAndGetLambdaReturnArguments$lambda$5$2(FirCallCompleter.kt:485)
	at org.jetbrains.kotlin.fir.resolve.inference.FirPCLAInferenceSession.runWithSpecifiedCurrentCommonSystem(FirPCLAInferenceSession.kt:108)
	at org.jetbrains.kotlin.fir.resolve.inference.FirPCLAInferenceSession.runLambdaCompletion(FirPCLAInferenceSession.kt:99)
	at org.jetbrains.kotlin.fir.resolve.inference.FirCallCompleter$LambdaAnalyzerImpl.analyzeAndGetLambdaReturnArguments(FirCallCompleter.kt:484)
	at org.jetbrains.kotlin.fir.resolve.inference.PostponedArgumentsAnalyzer.analyzeLambda(PostponedArgumentsAnalyzer.kt:322)
	at org.jetbrains.kotlin.fir.resolve.inference.PostponedArgumentsAnalyzer.analyzeLambda$default(PostponedArgumentsAnalyzer.kt:268)
	at org.jetbrains.kotlin.fir.resolve.inference.PostponedArgumentsAnalyzer.analyze(PostponedArgumentsAnalyzer.kt:80)
	at org.jetbrains.kotlin.fir.resolve.inference.FirCallCompleter.runCompletionForCall$lambda$0(FirCallCompleter.kt:311)
	at org.jetbrains.kotlin.fir.resolve.inference.ConstraintSystemCompleter.runCompletion$lambda$0(ConstraintSystemCompleter.kt:79)
	at org.jetbrains.kotlin.resolve.calls.inference.components.ConstraintSystemCompletionContext.analyzeArgumentWithFixedParameterTypes(ConstraintSystemCompletionContext.kt:50)
	at org.jetbrains.kotlin.fir.resolve.inference.ConstraintSystemCompleter.runCompletion(ConstraintSystemCompleter.kt:78)
	at org.jetbrains.kotlin.fir.resolve.inference.ConstraintSystemCompleter.complete(ConstraintSystemCompleter.kt:54)
	at org.jetbrains.kotlin.fir.resolve.inference.FirCallCompleter.runCompletionForCall(FirCallCompleter.kt:304)
	at org.jetbrains.kotlin.fir.resolve.inference.FirCallCompleter.completeCall(FirCallCompleter.kt:135)
	at org.jetbrains.kotlin.fir.resolve.transformers.body.resolve.FirExpressionsResolveTransformer.transformFunctionCallInternal$resolve(FirExpressionsResolveTransformer.kt:598)
	at org.jetbrains.kotlin.fir.resolve.transformers.body.resolve.FirExpressionsResolveTransformer.transformFunctionCall(FirExpressionsResolveTransformer.kt:521)
	at org.jetbrains.kotlin.fir.resolve.transformers.body.resolve.FirAbstractBodyResolveTransformerDispatcher.transformFunctionCall(FirAbstractBodyResolveTransformerDispatcher.kt:209)
	at org.jetbrains.kotlin.fir.resolve.transformers.body.resolve.FirAbstractBodyResolveTransformerDispatcher.transformFunctionCall(FirAbstractBodyResolveTransformerDispatcher.kt:27)
	at org.jetbrains.kotlin.fir.expressions.FirFunctionCall.transform(FirFunctionCall.kt:45)
	at org.jetbrains.kotlin.fir.declarations.impl.FirPropertyImpl.transformInitializer(FirPropertyImpl.kt:124)
	at org.jetbrains.kotlin.fir.declarations.impl.FirPropertyImpl.transformInitializer(FirPropertyImpl.kt:33)
	at org.jetbrains.kotlin.fir.resolve.transformers.body.resolve.FirDeclarationsResolveTransformer.transformLocalVariable(FirDeclarationsResolveTransformer.kt:681)
	at org.jetbrains.kotlin.fir.resolve.transformers.body.resolve.FirDeclarationsResolveTransformer.transformProperty(FirDeclarationsResolveTransformer.kt:169)
	at org.jetbrains.kotlin.fir.resolve.transformers.body.resolve.FirAbstractBodyResolveTransformerDispatcher.transformProperty(FirAbstractBodyResolveTransformerDispatcher.kt:512)
	at org.jetbrains.kotlin.fir.resolve.transformers.body.resolve.FirImplicitAwareBodyResolveTransformer.transformProperty$lambda$0(FirImplicitBodyResolve.kt:160)
	at org.jetbrains.kotlin.fir.resolve.transformers.body.resolve.ImplicitBodyResolveComputationSession.executeTransformation(FirImplicitBodyResolve.kt:418)
	at org.jetbrains.kotlin.fir.resolve.transformers.body.resolve.ImplicitBodyResolveComputationSession.compute$resolve(FirImplicitBodyResolve.kt:423)
	at org.jetbrains.kotlin.fir.resolve.transformers.body.resolve.FirImplicitAwareBodyResolveTransformer.computeCachedTransformationResult(FirImplicitBodyResolve.kt:187)
	at org.jetbrains.kotlin.fir.resolve.transformers.body.resolve.FirImplicitAwareBodyResolveTransformer.transformProperty(FirImplicitBodyResolve.kt:159)
	at org.jetbrains.kotlin.fir.resolve.transformers.body.resolve.FirImplicitAwareBodyResolveTransformer.transformProperty(FirImplicitBodyResolve.kt:116)
	at org.jetbrains.kotlin.fir.declarations.FirProperty.transform(FirProperty.kt:62)
	at org.jetbrains.kotlin.fir.expressions.FirExpressionUtilKt.transformStatementsIndexed(FirExpressionUtil.kt:231)
	at org.jetbrains.kotlin.fir.resolve.transformers.body.resolve.FirExpressionsResolveTransformer.transformBlockInCurrentScope$resolve(FirExpressionsResolveTransformer.kt:755)
	at org.jetbrains.kotlin.fir.resolve.transformers.body.resolve.FirExpressionsResolveTransformer.transformBlock(FirExpressionsResolveTransformer.kt:746)
	at org.jetbrains.kotlin.fir.resolve.transformers.body.resolve.FirAbstractBodyResolveTransformerDispatcher.transformBlock(FirAbstractBodyResolveTransformerDispatcher.kt:236)
	at org.jetbrains.kotlin.fir.resolve.transformers.body.resolve.FirAbstractBodyResolveTransformerDispatcher.transformBlock(FirAbstractBodyResolveTransformerDispatcher.kt:27)
	at org.jetbrains.kotlin.fir.expressions.FirBlock.transform(FirBlock.kt:33)
	at org.jetbrains.kotlin.fir.resolve.transformers.body.resolve.FirPartialBodyResolveTransformer.transformElement(FirPartialBodyResolveTransformer.kt:36)
	at org.jetbrains.kotlin.fir.resolve.transformers.body.resolve.FirPartialBodyResolveTransformer.transformElement(FirPartialBodyResolveTransformer.kt:13)
	at org.jetbrains.kotlin.fir.visitors.FirTransformer.transformBlock(FirTransformer.kt:183)
	at org.jetbrains.kotlin.fir.expressions.FirBlock.transform(FirBlock.kt:33)
	at org.jetbrains.kotlin.fir.declarations.impl.FirAnonymousFunctionImpl.transformBody(FirAnonymousFunctionImpl.kt:134)
	at org.jetbrains.kotlin.fir.declarations.impl.FirAnonymousFunctionImpl.transformBody(FirAnonymousFunctionImpl.kt:33)
	at org.jetbrains.kotlin.fir.resolve.transformers.body.resolve.FirDeclarationsResolveTransformer.transformFunctionContent(FirDeclarationsResolveTransformer.kt:1110)
	at org.jetbrains.kotlin.fir.resolve.transformers.body.resolve.FirDeclarationsResolveTransformer.transformAnonymousFunctionBody$lambda$0(FirDeclarationsResolveTransformer.kt:1533)
	at org.jetbrains.kotlin.fir.resolve.transformers.body.resolve.BodyResolveContext.withAnonymousFunction(BodyResolveContext.kt:905)
	at org.jetbrains.kotlin.fir.resolve.transformers.body.resolve.FirDeclarationsResolveTransformer.transformAnonymousFunctionBody(FirDeclarationsResolveTransformer.kt:1523)
	at org.jetbrains.kotlin.fir.resolve.transformers.body.resolve.FirDeclarationsResolveTransformer.doTransformAnonymousFunctionBodyFromCallCompletion$resolve(FirDeclarationsResolveTransformer.kt:1513)
	at org.jetbrains.kotlin.fir.resolve.inference.FirCallCompleter$LambdaAnalyzerImpl.analyzeAndGetLambdaReturnArguments$lambda$5$2(FirCallCompleter.kt:485)
	at org.jetbrains.kotlin.fir.resolve.inference.FirPCLAInferenceSession.runWithSpecifiedCurrentCommonSystem(FirPCLAInferenceSession.kt:108)
	at org.jetbrains.kotlin.fir.resolve.inference.FirPCLAInferenceSession.runLambdaCompletion(FirPCLAInferenceSession.kt:99)
	at org.jetbrains.kotlin.fir.resolve.inference.FirCallCompleter$LambdaAnalyzerImpl.analyzeAndGetLambdaReturnArguments(FirCallCompleter.kt:484)
	at org.jetbrains.kotlin.fir.resolve.inference.PostponedArgumentsAnalyzer.analyzeLambda(PostponedArgumentsAnalyzer.kt:322)
	at org.jetbrains.kotlin.fir.resolve.inference.PostponedArgumentsAnalyzer.analyzeLambda$default(PostponedArgumentsAnalyzer.kt:268)
	at org.jetbrains.kotlin.fir.resolve.inference.PostponedArgumentsAnalyzer.analyze(PostponedArgumentsAnalyzer.kt:80)
	at org.jetbrains.kotlin.fir.resolve.inference.FirCallCompleter.runCompletionForCall$lambda$0(FirCallCompleter.kt:311)
	at org.jetbrains.kotlin.fir.resolve.inference.ConstraintSystemCompleter.runCompletion$lambda$0(ConstraintSystemCompleter.kt:79)
	at org.jetbrains.kotlin.resolve.calls.inference.components.ConstraintSystemCompletionContext.analyzeArgumentWithFixedParameterTypes(ConstraintSystemCompletionContext.kt:50)
	at org.jetbrains.kotlin.fir.resolve.inference.ConstraintSystemCompleter.runCompletion(ConstraintSystemCompleter.kt:78)
	at org.jetbrains.kotlin.fir.resolve.inference.ConstraintSystemCompleter.complete(ConstraintSystemCompleter.kt:54)
	at org.jetbrains.kotlin.fir.resolve.inference.FirCallCompleter.runCompletionForCall(FirCallCompleter.kt:304)
	at org.jetbrains.kotlin.fir.resolve.inference.FirCallCompleter.completeCall(FirCallCompleter.kt:135)
	at org.jetbrains.kotlin.fir.resolve.transformers.body.resolve.FirExpressionsResolveTransformer.transformFunctionCallInternal$resolve(FirExpressionsResolveTransformer.kt:598)
	at org.jetbrains.kotlin.fir.resolve.transformers.body.resolve.FirExpressionsResolveTransformer.transformFunctionCall(FirExpressionsResolveTransformer.kt:521)
	at org.jetbrains.kotlin.fir.resolve.transformers.body.resolve.FirAbstractBodyResolveTransformerDispatcher.transformFunctionCall(FirAbstractBodyResolveTransformerDispatcher.kt:209)
	at org.jetbrains.kotlin.fir.resolve.transformers.body.resolve.FirAbstractBodyResolveTransformerDispatcher.transformFunctionCall(FirAbstractBodyResolveTransformerDispatcher.kt:27)
	at org.jetbrains.kotlin.fir.expressions.FirFunctionCall.transform(FirFunctionCall.kt:45)
	at org.jetbrains.kotlin.fir.expressions.FirExpressionUtilKt.transformStatementsIndexed(FirExpressionUtil.kt:231)
	at org.jetbrains.kotlin.fir.resolve.transformers.body.resolve.FirExpressionsResolveTransformer.transformBlockInCurrentScope$resolve(FirExpressionsResolveTransformer.kt:755)
	at org.jetbrains.kotlin.fir.resolve.transformers.body.resolve.FirExpressionsResolveTransformer.transformBlock(FirExpressionsResolveTransformer.kt:746)
	at org.jetbrains.kotlin.fir.resolve.transformers.body.resolve.FirAbstractBodyResolveTransformerDispatcher.transformBlock(FirAbstractBodyResolveTransformerDispatcher.kt:236)
	at org.jetbrains.kotlin.fir.resolve.transformers.body.resolve.FirAbstractBodyResolveTransformerDispatcher.transformBlock(FirAbstractBodyResolveTransformerDispatcher.kt:27)
	at org.jetbrains.kotlin.fir.expressions.FirBlock.transform(FirBlock.kt:33)
	at org.jetbrains.kotlin.fir.resolve.transformers.body.resolve.FirPartialBodyResolveTransformer.transformElement(FirPartialBodyResolveTransformer.kt:36)
	at org.jetbrains.kotlin.fir.resolve.transformers.body.resolve.FirPartialBodyResolveTransformer.transformElement(FirPartialBodyResolveTransformer.kt:13)
	at org.jetbrains.kotlin.fir.visitors.FirTransformer.transformBlock(FirTransformer.kt:183)
	at org.jetbrains.kotlin.fir.expressions.FirBlock.transform(FirBlock.kt:33)
	at org.jetbrains.kotlin.fir.declarations.impl.FirNamedFunctionImpl.transformBody(FirNamedFunctionImpl.kt:117)
	at org.jetbrains.kotlin.fir.declarations.impl.FirNamedFunctionImpl.transformBody(FirNamedFunctionImpl.kt:32)
	at org.jetbrains.kotlin.fir.resolve.transformers.body.resolve.FirDeclarationsResolveTransformer.transformFunctionContent(FirDeclarationsResolveTransformer.kt:1110)
	at org.jetbrains.kotlin.fir.resolve.transformers.body.resolve.FirDeclarationsResolveTransformer.transformFunctionWithGivenSignature(FirDeclarationsResolveTransformer.kt:1031)
	at org.jetbrains.kotlin.fir.resolve.transformers.body.resolve.FirDeclarationsResolveTransformer.access$transformFunctionWithGivenSignature(FirDeclarationsResolveTransformer.kt:70)
	at org.jetbrains.kotlin.fir.resolve.transformers.body.resolve.FirDeclarationsResolveTransformer.transformNamedFunction$lambda$0$0$0(FirDeclarationsResolveTransformer.kt:1023)
	at org.jetbrains.kotlin.fir.resolve.transformers.body.resolve.BodyResolveContext.withParameters(BodyResolveContext.kt:1526)
	at org.jetbrains.kotlin.fir.resolve.transformers.body.resolve.BodyResolveContext.forFunctionBody(BodyResolveContext.kt:849)
	at org.jetbrains.kotlin.fir.resolve.transformers.body.resolve.FirDeclarationsResolveTransformer.transformNamedFunction(FirDeclarationsResolveTransformer.kt:1021)
	at org.jetbrains.kotlin.fir.resolve.transformers.body.resolve.FirAbstractBodyResolveTransformerDispatcher.transformNamedFunction(FirAbstractBodyResolveTransformerDispatcher.kt:588)
	at org.jetbrains.kotlin.fir.resolve.transformers.body.resolve.FirImplicitAwareBodyResolveTransformer.transformNamedFunction$lambda$0(FirImplicitBodyResolve.kt:154)
	at org.jetbrains.kotlin.fir.resolve.transformers.body.resolve.FirImplicitAwareBodyResolveTransformer.computeCachedTransformationResult(FirImplicitBodyResolve.kt:169)
	at org.jetbrains.kotlin.fir.resolve.transformers.body.resolve.FirImplicitAwareBodyResolveTransformer.transformNamedFunction(FirImplicitBodyResolve.kt:153)
	at org.jetbrains.kotlin.fir.resolve.transformers.body.resolve.FirImplicitAwareBodyResolveTransformer.transformNamedFunction(FirImplicitBodyResolve.kt:116)
	at org.jetbrains.kotlin.fir.declarations.FirNamedFunction.transform(FirNamedFunction.kt:75)
	at org.jetbrains.kotlin.fir.expressions.FirExpressionUtilKt.transformStatementsIndexed(FirExpressionUtil.kt:231)
	at org.jetbrains.kotlin.fir.resolve.transformers.body.resolve.FirExpressionsResolveTransformer.transformBlockInCurrentScope$resolve(FirExpressionsResolveTransformer.kt:755)
	at org.jetbrains.kotlin.fir.resolve.transformers.body.resolve.FirExpressionsResolveTransformer.transformBlock(FirExpressionsResolveTransformer.kt:746)
	at org.jetbrains.kotlin.fir.resolve.transformers.body.resolve.FirAbstractBodyResolveTransformerDispatcher.transformBlock(FirAbstractBodyResolveTransformerDispatcher.kt:236)
	at org.jetbrains.kotlin.fir.resolve.transformers.body.resolve.FirAbstractBodyResolveTransformerDispatcher.transformBlock(FirAbstractBodyResolveTransformerDispatcher.kt:27)
	at org.jetbrains.kotlin.fir.expressions.FirBlock.transform(FirBlock.kt:33)
	at org.jetbrains.kotlin.fir.resolve.transformers.body.resolve.FirPartialBodyResolveTransformer.transformElement(FirPartialBodyResolveTransformer.kt:36)
	at org.jetbrains.kotlin.fir.resolve.transformers.body.resolve.FirPartialBodyResolveTransformer.transformElement(FirPartialBodyResolveTransformer.kt:13)
	at org.jetbrains.kotlin.fir.visitors.FirTransformer.transformBlock(FirTransformer.kt:183)
	at org.jetbrains.kotlin.fir.expressions.FirBlock.transform(FirBlock.kt:33)
	at org.jetbrains.kotlin.fir.declarations.impl.FirAnonymousFunctionImpl.transformBody(FirAnonymousFunctionImpl.kt:134)
	at org.jetbrains.kotlin.fir.declarations.impl.FirAnonymousFunctionImpl.transformBody(FirAnonymousFunctionImpl.kt:33)
	at org.jetbrains.kotlin.fir.resolve.transformers.body.resolve.FirDeclarationsResolveTransformer.transformFunctionContent(FirDeclarationsResolveTransformer.kt:1110)
	at org.jetbrains.kotlin.fir.resolve.transformers.body.resolve.FirDeclarationsResolveTransformer.transformAnonymousFunctionBody$lambda$0(FirDeclarationsResolveTransformer.kt:1533)
	at org.jetbrains.kotlin.fir.resolve.transformers.body.resolve.BodyResolveContext.withAnonymousFunction(BodyResolveContext.kt:905)
	at org.jetbrains.kotlin.fir.resolve.transformers.body.resolve.FirDeclarationsResolveTransformer.transformAnonymousFunctionBody(FirDeclarationsResolveTransformer.kt:1523)
	at org.jetbrains.kotlin.fir.resolve.transformers.body.resolve.FirDeclarationsResolveTransformer.doTransformAnonymousFunctionBodyFromCallCompletion$resolve(FirDeclarationsResolveTransformer.kt:1513)
	at org.jetbrains.kotlin.fir.resolve.inference.FirCallCompleter$LambdaAnalyzerImpl.analyzeAndGetLambdaReturnArguments$lambda$5$2(FirCallCompleter.kt:485)
	at org.jetbrains.kotlin.fir.resolve.inference.FirPCLAInferenceSession.runWithSpecifiedCurrentCommonSystem(FirPCLAInferenceSession.kt:108)
	at org.jetbrains.kotlin.fir.resolve.inference.FirPCLAInferenceSession.runLambdaCompletion(FirPCLAInferenceSession.kt:99)
	at org.jetbrains.kotlin.fir.resolve.inference.FirCallCompleter$LambdaAnalyzerImpl.analyzeAndGetLambdaReturnArguments(FirCallCompleter.kt:484)
	at org.jetbrains.kotlin.fir.resolve.inference.PostponedArgumentsAnalyzer.analyzeLambda(PostponedArgumentsAnalyzer.kt:322)
	at org.jetbrains.kotlin.fir.resolve.inference.PostponedArgumentsAnalyzer.analyzeLambda$default(PostponedArgumentsAnalyzer.kt:268)
	at org.jetbrains.kotlin.fir.resolve.inference.PostponedArgumentsAnalyzer.analyze(PostponedArgumentsAnalyzer.kt:80)
	at org.jetbrains.kotlin.fir.resolve.inference.FirCallCompleter.runCompletionForCall$lambda$0(FirCallCompleter.kt:311)
	at org.jetbrains.kotlin.fir.resolve.inference.ConstraintSystemCompleter.runCompletion$lambda$0(ConstraintSystemCompleter.kt:79)
	at org.jetbrains.kotlin.resolve.calls.inference.components.ConstraintSystemCompletionContext.analyzeArgumentWithFixedParameterTypes(ConstraintSystemCompletionContext.kt:50)
	at org.jetbrains.kotlin.fir.resolve.inference.ConstraintSystemCompleter.runCompletion(ConstraintSystemCompleter.kt:78)
	at org.jetbrains.kotlin.fir.resolve.inference.ConstraintSystemCompleter.complete(ConstraintSystemCompleter.kt:54)
	at org.jetbrains.kotlin.fir.resolve.inference.FirCallCompleter.runCompletionForCall(FirCallCompleter.kt:304)
	at org.jetbrains.kotlin.fir.resolve.inference.FirCallCompleter.completeCall(FirCallCompleter.kt:135)
	at org.jetbrains.kotlin.fir.resolve.transformers.body.resolve.FirExpressionsResolveTransformer.transformFunctionCallInternal$resolve(FirExpressionsResolveTransformer.kt:598)
	at org.jetbrains.kotlin.fir.resolve.transformers.body.resolve.FirExpressionsResolveTransformer.transformFunctionCall(FirExpressionsResolveTransformer.kt:521)
	at org.jetbrains.kotlin.fir.resolve.transformers.body.resolve.FirAbstractBodyResolveTransformerDispatcher.transformFunctionCall(FirAbstractBodyResolveTransformerDispatcher.kt:209)
	at org.jetbrains.kotlin.fir.resolve.transformers.body.resolve.FirAbstractBodyResolveTransformerDispatcher.transformFunctionCall(FirAbstractBodyResolveTransformerDispatcher.kt:27)
	at org.jetbrains.kotlin.fir.expressions.FirFunctionCall.transform(FirFunctionCall.kt:45)
	at org.jetbrains.kotlin.fir.expressions.FirExpressionUtilKt.transformStatementsIndexed(FirExpressionUtil.kt:231)
	at org.jetbrains.kotlin.fir.resolve.transformers.body.resolve.FirExpressionsResolveTransformer.transformBlockInCurrentScope$resolve(FirExpressionsResolveTransformer.kt:755)
	at org.jetbrains.kotlin.fir.resolve.transformers.body.resolve.FirExpressionsResolveTransformer.transformBlock(FirExpressionsResolveTransformer.kt:746)
	at org.jetbrains.kotlin.fir.resolve.transformers.body.resolve.FirAbstractBodyResolveTransformerDispatcher.transformBlock(FirAbstractBodyResolveTransformerDispatcher.kt:236)
	at org.jetbrains.kotlin.fir.resolve.transformers.body.resolve.FirAbstractBodyResolveTransformerDispatcher.transformBlock(FirAbstractBodyResolveTransformerDispatcher.kt:27)
	at org.jetbrains.kotlin.fir.expressions.FirBlock.transform(FirBlock.kt:33)
	at org.jetbrains.kotlin.fir.resolve.transformers.body.resolve.FirPartialBodyResolveTransformer.transformElement(FirPartialBodyResolveTransformer.kt:36)
	at org.jetbrains.kotlin.fir.resolve.transformers.body.resolve.FirPartialBodyResolveTransformer.transformElement(FirPartialBodyResolveTransformer.kt:13)
	at org.jetbrains.kotlin.fir.visitors.FirTransformer.transformBlock(FirTransformer.kt:183)
	at org.jetbrains.kotlin.fir.expressions.FirBlock.transform(FirBlock.kt:33)
	at org.jetbrains.kotlin.fir.declarations.impl.FirNamedFunctionImpl.transformBody(FirNamedFunctionImpl.kt:117)
	at org.jetbrains.kotlin.fir.declarations.impl.FirNamedFunctionImpl.transformBody(FirNamedFunctionImpl.kt:32)
	at org.jetbrains.kotlin.fir.resolve.transformers.body.resolve.FirDeclarationsResolveTransformer.transformFunctionContent(FirDeclarationsResolveTransformer.kt:1110)
	at org.jetbrains.kotlin.fir.resolve.transformers.body.resolve.FirDeclarationsResolveTransformer.transformFunctionWithGivenSignature(FirDeclarationsResolveTransformer.kt:1031)
	at org.jetbrains.kotlin.fir.resolve.transformers.body.resolve.FirDeclarationsResolveTransformer.access$transformFunctionWithGivenSignature(FirDeclarationsResolveTransformer.kt:70)
	at org.jetbrains.kotlin.fir.resolve.transformers.body.resolve.FirDeclarationsResolveTransformer.transformNamedFunction$lambda$0$0$0(FirDeclarationsResolveTransformer.kt:1023)
	at org.jetbrains.kotlin.fir.resolve.transformers.body.resolve.BodyResolveContext.withParameters(BodyResolveContext.kt:1526)
	at org.jetbrains.kotlin.fir.resolve.transformers.body.resolve.BodyResolveContext.forFunctionBody(BodyResolveContext.kt:849)
	at org.jetbrains.kotlin.fir.resolve.transformers.body.resolve.FirDeclarationsResolveTransformer.transformNamedFunction(FirDeclarationsResolveTransformer.kt:1021)
	at org.jetbrains.kotlin.fir.resolve.transformers.body.resolve.FirAbstractBodyResolveTransformerDispatcher.transformNamedFunction(FirAbstractBodyResolveTransformerDispatcher.kt:588)
	at org.jetbrains.kotlin.fir.resolve.transformers.body.resolve.FirImplicitAwareBodyResolveTransformer.transformNamedFunction$lambda$0(FirImplicitBodyResolve.kt:154)
	at org.jetbrains.kotlin.fir.resolve.transformers.body.resolve.FirImplicitAwareBodyResolveTransformer.computeCachedTransformationResult(FirImplicitBodyResolve.kt:169)


error message: java.lang.StackOverflowError
	at java.base/java.lang.ClassLoader.defineClass1(Native Method)
	at java.base/java.lang.ClassLoader.defineClass(ClassLoader.java:1017)
	at java.base/java.security.SecureClassLoader.defineClass(SecureClassLoader.java:150)
	at java.base/java.net.URLClassLoader.defineClass(URLClassLoader.java:524)
	at java.base/java.net.URLClassLoader$1.run(URLClassLoader.java:427)
	at java.base/java.net.URLClassLoader$1.run(URLClassLoader.java:421)
	at java.base/java.security.AccessController.doPrivileged(AccessController.java:712)
	at java.base/java.net.URLClassLoader.findClass(URLClassLoader.java:420)
	at java.base/java.lang.ClassLoader.loadClass(ClassLoader.java:592)
	at java.base/java.lang.ClassLoader.loadClass(ClassLoader.java:525)
	at org.jetbrains.kotlin.fir.FirCliExceptionHandler.handleExceptionOnElementAnalysis(Utils.kt:266)
	at org.jetbrains.kotlin.fir.resolve.transformers.body.resolve.FirExpressionsResolveTransformer.transformFunctionCallInternal$resolve(FirExpressionsResolveTransformer.kt:2253)
	at org.jetbrains.kotlin.fir.resolve.transformers.body.resolve.FirExpressionsResolveTransformer.transformFunctionCall(FirExpressionsResolveTransformer.kt:521)
	at org.jetbrains.kotlin.fir.resolve.transformers.body.resolve.FirAbstractBodyResolveTransformerDispatcher.transformFunctionCall(FirAbstractBodyResolveTransformerDispatcher.kt:209)
	at org.jetbrains.kotlin.fir.resolve.transformers.body.resolve.FirAbstractBodyResolveTransformerDispatcher.transformFunctionCall(FirAbstractBodyResolveTransformerDispatcher.kt:27)
	at org.jetbrains.kotlin.fir.expressions.FirFunctionCall.transform(FirFunctionCall.kt:45)
	at org.jetbrains.kotlin.fir.declarations.impl.FirPropertyImpl.transformInitializer(FirPropertyImpl.kt:124)
	at org.jetbrains.kotlin.fir.declarations.impl.FirPropertyImpl.transformInitializer(FirPropertyImpl.kt:33)
	at org.jetbrains.kotlin.fir.resolve.transformers.body.resolve.FirDeclarationsResolveTransformer.transformLocalVariable(FirDeclarationsResolveTransformer.kt:681)
	at org.jetbrains.kotlin.fir.resolve.transformers.body.resolve.FirDeclarationsResolveTransformer.transformProperty(FirDeclarationsResolveTransformer.kt:169)
	at org.jetbrains.kotlin.fir.resolve.transformers.body.resolve.FirAbstractBodyResolveTransformerDispatcher.transformProperty(FirAbstractBodyResolveTransformerDispatcher.kt:512)
	at org.jetbrains.kotlin.fir.resolve.transformers.body.resolve.FirImplicitAwareBodyResolveTransformer.transformProperty$lambda$0(FirImplicitBodyResolve.kt:160)
	at org.jetbrains.kotlin.fir.resolve.transformers.body.resolve.ImplicitBodyResolveComputationSession.executeTransformation(FirImplicitBodyResolve.kt:418)
	at org.jetbrains.kotlin.fir.resolve.transformers.body.resolve.ImplicitBodyResolveComputationSession.compute$resolve(FirImplicitBodyResolve.kt:423)
	at org.jetbrains.kotlin.fir.resolve.transformers.body.resolve.FirImplicitAwareBodyResolveTransformer.computeCachedTransformationResult(FirImplicitBodyResolve.kt:187)
	at org.jetbrains.kotlin.fir.resolve.transformers.body.resolve.FirImplicitAwareBodyResolveTransformer.transformProperty(FirImplicitBodyResolve.kt:159)
	at org.jetbrains.kotlin.fir.resolve.transformers.body.resolve.FirImplicitAwareBodyResolveTransformer.transformProperty(FirImplicitBodyResolve.kt:116)
	at org.jetbrains.kotlin.fir.declarations.FirProperty.transform(FirProperty.kt:62)
	at org.jetbrains.kotlin.fir.expressions.FirExpressionUtilKt.transformStatementsIndexed(FirExpressionUtil.kt:231)
	at org.jetbrains.kotlin.fir.resolve.transformers.body.resolve.FirExpressionsResolveTransformer.transformBlockInCurrentScope$resolve(FirExpressionsResolveTransformer.kt:755)
	at org.jetbrains.kotlin.fir.resolve.transformers.body.resolve.FirExpressionsResolveTransformer.transformBlock(FirExpressionsResolveTransformer.kt:746)
	at org.jetbrains.kotlin.fir.resolve.transformers.body.resolve.FirAbstractBodyResolveTransformerDispatcher.transformBlock(FirAbstractBodyResolveTransformerDispatcher.kt:236)
	at org.jetbrains.kotlin.fir.resolve.transformers.body.resolve.FirAbstractBodyResolveTransformerDispatcher.transformBlock(FirAbstractBodyResolveTransformerDispatcher.kt:27)
	at org.jetbrains.kotlin.fir.expressions.FirBlock.transform(FirBlock.kt:33)
	at org.jetbrains.kotlin.fir.expressions.impl.FirRegularWhenBranch.transformResult(FirRegularWhenBranch.kt:46)
	at org.jetbrains.kotlin.fir.expressions.impl.FirRegularWhenBranch.transformResult(FirRegularWhenBranch.kt:20)
	at org.jetbrains.kotlin.fir.resolve.transformers.body.resolve.FirControlFlowStatementsResolveTransformer.transformWhenBranch(FirControlFlowStatementsResolveTransformer.kt:127)
	at org.jetbrains.kotlin.fir.resolve.transformers.body.resolve.FirAbstractBodyResolveTransformerDispatcher.transformWhenBranch(FirAbstractBodyResolveTransformerDispatcher.kt:706)
	at org.jetbrains.kotlin.fir.resolve.transformers.body.resolve.FirAbstractBodyResolveTransformerDispatcher.transformWhenBranch(FirAbstractBodyResolveTransformerDispatcher.kt:27)
	at org.jetbrains.kotlin.fir.expressions.FirWhenBranch.transform(FirWhenBranch.kt:31)
	at org.jetbrains.kotlin.fir.visitors.FirTransformerUtilKt.transformInplace(FirTransformerUtil.kt:20)
	at org.jetbrains.kotlin.fir.expressions.impl.FirWhenExpressionImpl.transformBranches(FirWhenExpressionImpl.kt:68)
	at org.jetbrains.kotlin.fir.expressions.impl.FirWhenExpressionImpl.transformBranches(FirWhenExpressionImpl.kt:24)
	at org.jetbrains.kotlin.fir.resolve.transformers.body.resolve.FirControlFlowStatementsResolveTransformer.transformWhenExpression$lambda$1(FirControlFlowStatementsResolveTransformer.kt:79)
	at org.jetbrains.kotlin.fir.resolve.transformers.body.resolve.BodyResolveContext.withWhenExpression(BodyResolveContext.kt:1125)
	at org.jetbrains.kotlin.fir.resolve.transformers.body.resolve.FirControlFlowStatementsResolveTransformer.transformWhenExpression(FirControlFlowStatementsResolveTransformer.kt:59)
	at org.jetbrains.kotlin.fir.resolve.transformers.body.resolve.FirAbstractBodyResolveTransformerDispatcher.transformWhenExpression(FirAbstractBodyResolveTransformerDispatcher.kt:697)
	at org.jetbrains.kotlin.fir.resolve.transformers.body.resolve.FirAbstractBodyResolveTransformerDispatcher.transformWhenExpression(FirAbstractBodyResolveTransformerDispatcher.kt:27)
	at org.jetbrains.kotlin.fir.expressions.FirWhenExpression.transform(FirWhenExpression.kt:38)
	at org.jetbrains.kotlin.fir.expressions.FirExpressionUtilKt.transformStatementsIndexed(FirExpressionUtil.kt:231)
	at org.jetbrains.kotlin.fir.resolve.transformers.body.resolve.FirExpressionsResolveTransformer.transformBlockInCurrentScope$resolve(FirExpressionsResolveTransformer.kt:755)
	at org.jetbrains.kotlin.fir.resolve.transformers.body.resolve.FirExpressionsResolveTransformer.transformBlock(FirExpressionsResolveTransformer.kt:746)
	at org.jetbrains.kotlin.fir.resolve.transformers.body.resolve.FirAbstractBodyResolveTransformerDispatcher.transformBlock(FirAbstractBodyResolveTransformerDispatcher.kt:236)
	at org.jetbrains.kotlin.fir.resolve.transformers.body.resolve.FirAbstractBodyResolveTransformerDispatcher.transformBlock(FirAbstractBodyResolveTransformerDispatcher.kt:27)
	at org.jetbrains.kotlin.fir.expressions.FirBlock.transform(FirBlock.kt:33)
	at org.jetbrains.kotlin.fir.expressions.impl.FirTryExpressionImpl.transformTryBlock(FirTryExpressionImpl.kt:63)
	at org.jetbrains.kotlin.fir.expressions.impl.FirTryExpressionImpl.transformTryBlock(FirTryExpressionImpl.kt:23)
	at org.jetbrains.kotlin.fir.resolve.transformers.body.resolve.FirControlFlowStatementsResolveTransformer.transformTryExpression(FirControlFlowStatementsResolveTransformer.kt:149)
	at org.jetbrains.kotlin.fir.resolve.transformers.body.resolve.FirAbstractBodyResolveTransformerDispatcher.transformTryExpression(FirAbstractBodyResolveTransformerDispatcher.kt:724)
	at org.jetbrains.kotlin.fir.resolve.transformers.body.resolve.FirAbstractBodyResolveTransformerDispatcher.transformTryExpression(FirAbstractBodyResolveTransformerDispatcher.kt:27)
	at org.jetbrains.kotlin.fir.expressions.FirTryExpression.transform(FirTryExpression.kt:36)
	at org.jetbrains.kotlin.fir.expressions.FirExpressionUtilKt.transformStatementsIndexed(FirExpressionUtil.kt:231)
	at org.jetbrains.kotlin.fir.resolve.transformers.body.resolve.FirExpressionsResolveTransformer.transformBlockInCurrentScope$resolve(FirExpressionsResolveTransformer.kt:755)
	at org.jetbrains.kotlin.fir.resolve.transformers.body.resolve.FirExpressionsResolveTransformer.transformBlock(FirExpressionsResolveTransformer.kt:746)
	at org.jetbrains.kotlin.fir.resolve.transformers.body.resolve.FirAbstractBodyResolveTransformerDispatcher.transformBlock(FirAbstractBodyResolveTransformerDispatcher.kt:236)
	at org.jetbrains.kotlin.fir.resolve.transformers.body.resolve.FirAbstractBodyResolveTransformerDispatcher.transformBlock(FirAbstractBodyResolveTransformerDispatcher.kt:27)
	at org.jetbrains.kotlin.fir.expressions.FirBlock.transform(FirBlock.kt:33)
	at org.jetbrains.kotlin.fir.resolve.transformers.body.resolve.FirPartialBodyResolveTransformer.transformElement(FirPartialBodyResolveTransformer.kt:36)
	at org.jetbrains.kotlin.fir.resolve.transformers.body.resolve.FirPartialBodyResolveTransformer.transformElement(FirPartialBodyResolveTransformer.kt:13)
	at org.jetbrains.kotlin.fir.visitors.FirTransformer.transformBlock(FirTransformer.kt:183)
	at org.jetbrains.kotlin.fir.expressions.FirBlock.transform(FirBlock.kt:33)
	at org.jetbrains.kotlin.fir.declarations.impl.FirAnonymousFunctionImpl.transformBody(FirAnonymousFunctionImpl.kt:134)
	at org.jetbrains.kotlin.fir.declarations.impl.FirAnonymousFunctionImpl.transformBody(FirAnonymousFunctionImpl.kt:33)
	at org.jetbrains.kotlin.fir.resolve.transformers.body.resolve.FirDeclarationsResolveTransformer.transformFunctionContent(FirDeclarationsResolveTransformer.kt:1110)
	at org.jetbrains.kotlin.fir.resolve.transformers.body.resolve.FirDeclarationsResolveTransformer.transformAnonymousFunctionBody$lambda$0(FirDeclarationsResolveTransformer.kt:1533)
	at org.jetbrains.kotlin.fir.resolve.transformers.body.resolve.BodyResolveContext.withAnonymousFunction(BodyResolveContext.kt:905)
	at org.jetbrains.kotlin.fir.resolve.transformers.body.resolve.FirDeclarationsResolveTransformer.transformAnonymousFunctionBody(FirDeclarationsResolveTransformer.kt:1523)
	at org.jetbrains.kotlin.fir.resolve.transformers.body.resolve.FirDeclarationsResolveTransformer.doTransformAnonymousFunctionBodyFromCallCompletion$resolve(FirDeclarationsResolveTransformer.kt:1513)
	at org.jetbrains.kotlin.fir.resolve.inference.FirCallCompleter$LambdaAnalyzerImpl.analyzeAndGetLambdaReturnArguments$lambda$5$2(FirCallCompleter.kt:485)
	at org.jetbrains.kotlin.fir.resolve.inference.FirPCLAInferenceSession.runWithSpecifiedCurrentCommonSystem(FirPCLAInferenceSession.kt:108)
	at org.jetbrains.kotlin.fir.resolve.inference.FirPCLAInferenceSession.runLambdaCompletion(FirPCLAInferenceSession.kt:99)
	at org.jetbrains.kotlin.fir.resolve.inference.FirCallCompleter$LambdaAnalyzerImpl.analyzeAndGetLambdaReturnArguments(FirCallCompleter.kt:484)
	at org.jetbrains.kotlin.fir.resolve.inference.PostponedArgumentsAnalyzer.analyzeLambda(PostponedArgumentsAnalyzer.kt:322)
	at org.jetbrains.kotlin.fir.resolve.inference.PostponedArgumentsAnalyzer.analyzeLambda$default(PostponedArgumentsAnalyzer.kt:268)
	at org.jetbrains.kotlin.fir.resolve.inference.PostponedArgumentsAnalyzer.analyze(PostponedArgumentsAnalyzer.kt:80)
	at org.jetbrains.kotlin.fir.resolve.inference.FirCallCompleter.runCompletionForCall$lambda$0(FirCallCompleter.kt:311)
	at org.jetbrains.kotlin.fir.resolve.inference.ConstraintSystemCompleter.runCompletion$lambda$0(ConstraintSystemCompleter.kt:79)
	at org.jetbrains.kotlin.resolve.calls.inference.components.ConstraintSystemCompletionContext.analyzeArgumentWithFixedParameterTypes(ConstraintSystemCompletionContext.kt:50)
	at org.jetbrains.kotlin.fir.resolve.inference.ConstraintSystemCompleter.runCompletion(ConstraintSystemCompleter.kt:78)
	at org.jetbrains.kotlin.fir.resolve.inference.ConstraintSystemCompleter.complete(ConstraintSystemCompleter.kt:54)
	at org.jetbrains.kotlin.fir.resolve.inference.FirCallCompleter.runCompletionForCall(FirCallCompleter.kt:304)
	at org.jetbrains.kotlin.fir.resolve.inference.FirCallCompleter.completeCall(FirCallCompleter.kt:135)
	at org.jetbrains.kotlin.fir.resolve.transformers.body.resolve.FirExpressionsResolveTransformer.transformFunctionCallInternal$resolve(FirExpressionsResolveTransformer.kt:598)
	at org.jetbrains.kotlin.fir.resolve.transformers.body.resolve.FirExpressionsResolveTransformer.transformFunctionCall(FirExpressionsResolveTransformer.kt:521)
	at org.jetbrains.kotlin.fir.resolve.transformers.body.resolve.FirAbstractBodyResolveTransformerDispatcher.transformFunctionCall(FirAbstractBodyResolveTransformerDispatcher.kt:209)
	at org.jetbrains.kotlin.fir.resolve.transformers.body.resolve.FirAbstractBodyResolveTransformerDispatcher.transformFunctionCall(FirAbstractBodyResolveTransformerDispatcher.kt:27)
	at org.jetbrains.kotlin.fir.expressions.FirFunctionCall.transform(FirFunctionCall.kt:45)
	at org.jetbrains.kotlin.fir.expressions.FirExpressionUtilKt.transformStatementsIndexed(FirExpressionUtil.kt:231)
	at org.jetbrains.kotlin.fir.resolve.transformers.body.resolve.FirExpressionsResolveTransformer.transformBlockInCurrentScope$resolve(FirExpressionsResolveTransformer.kt:755)
	at org.jetbrains.kotlin.fir.resolve.transformers.body.resolve.FirExpressionsResolveTransformer.transformBlock(FirExpressionsResolveTransformer.kt:746)
	at org.jetbrains.kotlin.fir.resolve.transformers.body.resolve.FirAbstractBodyResolveTransformerDispatcher.transformBlock(FirAbstractBodyResolveTransformerDispatcher.kt:236)
	at org.jetbrains.kotlin.fir.resolve.transformers.body.resolve.FirAbstractBodyResolveTransformerDispatcher.transformBlock(FirAbstractBodyResolveTransformerDispatcher.kt:27)
	at org.jetbrains.kotlin.fir.expressions.FirBlock.transform(FirBlock.kt:33)
	at org.jetbrains.kotlin.fir.resolve.transformers.body.resolve.FirPartialBodyResolveTransformer.transformElement(FirPartialBodyResolveTransformer.kt:36)
	at org.jetbrains.kotlin.fir.resolve.transformers.body.resolve.FirPartialBodyResolveTransformer.transformElement(FirPartialBodyResolveTransformer.kt:13)
	at org.jetbrains.kotlin.fir.visitors.FirTransformer.transformBlock(FirTransformer.kt:183)
	at org.jetbrains.kotlin.fir.expressions.FirBlock.transform(FirBlock.kt:33)
	at org.jetbrains.kotlin.fir.declarations.impl.FirNamedFunctionImpl.transformBody(FirNamedFunctionImpl.kt:117)
	at org.jetbrains.kotlin.fir.declarations.impl.FirNamedFunctionImpl.transformBody(FirNamedFunctionImpl.kt:32)
	at org.jetbrains.kotlin.fir.resolve.transformers.body.resolve.FirDeclarationsResolveTransformer.transformFunctionContent(FirDeclarationsResolveTransformer.kt:1110)
	at org.jetbrains.kotlin.fir.resolve.transformers.body.resolve.FirDeclarationsResolveTransformer.transformFunctionWithGivenSignature(FirDeclarationsResolveTransformer.kt:1031)
	at org.jetbrains.kotlin.fir.resolve.transformers.body.resolve.FirDeclarationsResolveTransformer.access$transformFunctionWithGivenSignature(FirDeclarationsResolveTransformer.kt:70)
	at org.jetbrains.kotlin.fir.resolve.transformers.body.resolve.FirDeclarationsResolveTransformer.transformNamedFunction$lambda$0$0$0(FirDeclarationsResolveTransformer.kt:1023)
	at org.jetbrains.kotlin.fir.resolve.transformers.body.resolve.BodyResolveContext.withParameters(BodyResolveContext.kt:1526)
	at org.jetbrains.kotlin.fir.resolve.transformers.body.resolve.BodyResolveContext.forFunctionBody(BodyResolveContext.kt:849)
	at org.jetbrains.kotlin.fir.resolve.transformers.body.resolve.FirDeclarationsResolveTransformer.transformNamedFunction(FirDeclarationsResolveTransformer.kt:1021)
	at org.jetbrains.kotlin.fir.resolve.transformers.body.resolve.FirAbstractBodyResolveTransformerDispatcher.transformNamedFunction(FirAbstractBodyResolveTransformerDispatcher.kt:588)
	at org.jetbrains.kotlin.fir.resolve.transformers.body.resolve.FirImplicitAwareBodyResolveTransformer.transformNamedFunction$lambda$0(FirImplicitBodyResolve.kt:154)
	at org.jetbrains.kotlin.fir.resolve.transformers.body.resolve.FirImplicitAwareBodyResolveTransformer.computeCachedTransformationResult(FirImplicitBodyResolve.kt:169)
	at org.jetbrains.kotlin.fir.resolve.transformers.body.resolve.FirImplicitAwareBodyResolveTransformer.transformNamedFunction(FirImplicitBodyResolve.kt:153)
	at org.jetbrains.kotlin.fir.resolve.transformers.body.resolve.FirImplicitAwareBodyResolveTransformer.transformNamedFunction(FirImplicitBodyResolve.kt:116)
	at org.jetbrains.kotlin.fir.declarations.FirNamedFunction.transform(FirNamedFunction.kt:75)
	at org.jetbrains.kotlin.fir.expressions.FirExpressionUtilKt.transformStatementsIndexed(FirExpressionUtil.kt:231)
	at org.jetbrains.kotlin.fir.resolve.transformers.body.resolve.FirExpressionsResolveTransformer.transformBlockInCurrentScope$resolve(FirExpressionsResolveTransformer.kt:755)
	at org.jetbrains.kotlin.fir.resolve.transformers.body.resolve.FirExpressionsResolveTransformer.transformBlock(FirExpressionsResolveTransformer.kt:746)
	at org.jetbrains.kotlin.fir.resolve.transformers.body.resolve.FirAbstractBodyResolveTransformerDispatcher.transformBlock(FirAbstractBodyResolveTransformerDispatcher.kt:236)
	at org.jetbrains.kotlin.fir.resolve.transformers.body.resolve.FirAbstractBodyResolveTransformerDispatcher.transformBlock(FirAbstractBodyResolveTransformerDispatcher.kt:27)
	at org.jetbrains.kotlin.fir.expressions.FirBlock.transform(FirBlock.kt:33)
	at org.jetbrains.kotlin.fir.resolve.transformers.body.resolve.FirPartialBodyResolveTransformer.transformElement(FirPartialBodyResolveTransformer.kt:36)
	at org.jetbrains.kotlin.fir.resolve.transformers.body.resolve.FirPartialBodyResolveTransformer.transformElement(FirPartialBodyResolveTransformer.kt:13)
	at org.jetbrains.kotlin.fir.visitors.FirTransformer.transformBlock(FirTransformer.kt:183)
	at org.jetbrains.kotlin.fir.expressions.FirBlock.transform(FirBlock.kt:33)
	at org.jetbrains.kotlin.fir.declarations.impl.FirAnonymousFunctionImpl.transformBody(FirAnonymousFunctionImpl.kt:134)
	at org.jetbrains.kotlin.fir.declarations.impl.FirAnonymousFunctionImpl.transformBody(FirAnonymousFunctionImpl.kt:33)
	at org.jetbrains.kotlin.fir.resolve.transformers.body.resolve.FirDeclarationsResolveTransformer.transformFunctionContent(FirDeclarationsResolveTransformer.kt:1110)
	at org.jetbrains.kotlin.fir.resolve.transformers.body.resolve.FirDeclarationsResolveTransformer.transformAnonymousFunctionBody$lambda$0(FirDeclarationsResolveTransformer.kt:1533)
	at org.jetbrains.kotlin.fir.resolve.transformers.body.resolve.BodyResolveContext.withAnonymousFunction(BodyResolveContext.kt:905)
	at org.jetbrains.kotlin.fir.resolve.transformers.body.resolve.FirDeclarationsResolveTransformer.transformAnonymousFunctionBody(FirDeclarationsResolveTransformer.kt:1523)
	at org.jetbrains.kotlin.fir.resolve.transformers.body.resolve.FirDeclarationsResolveTransformer.doTransformAnonymousFunctionBodyFromCallCompletion$resolve(FirDeclarationsResolveTransformer.kt:1513)
	at org.jetbrains.kotlin.fir.resolve.inference.FirCallCompleter$LambdaAnalyzerImpl.analyzeAndGetLambdaReturnArguments$lambda$5$2(FirCallCompleter.kt:485)
	at org.jetbrains.kotlin.fir.resolve.inference.FirPCLAInferenceSession.runWithSpecifiedCurrentCommonSystem(FirPCLAInferenceSession.kt:108)
	at org.jetbrains.kotlin.fir.resolve.inference.FirPCLAInferenceSession.runLambdaCompletion(FirPCLAInferenceSession.kt:99)
	at org.jetbrains.kotlin.fir.resolve.inference.FirCallCompleter$LambdaAnalyzerImpl.analyzeAndGetLambdaReturnArguments(FirCallCompleter.kt:484)
	at org.jetbrains.kotlin.fir.resolve.inference.PostponedArgumentsAnalyzer.analyzeLambda(PostponedArgumentsAnalyzer.kt:322)
	at org.jetbrains.kotlin.fir.resolve.inference.PostponedArgumentsAnalyzer.analyzeLambda$default(PostponedArgumentsAnalyzer.kt:268)
	at org.jetbrains.kotlin.fir.resolve.inference.PostponedArgumentsAnalyzer.analyze(PostponedArgumentsAnalyzer.kt:80)
	at org.jetbrains.kotlin.fir.resolve.inference.FirCallCompleter.runCompletionForCall$lambda$0(FirCallCompleter.kt:311)
	at org.jetbrains.kotlin.fir.resolve.inference.ConstraintSystemCompleter.runCompletion$lambda$0(ConstraintSystemCompleter.kt:79)
	at org.jetbrains.kotlin.resolve.calls.inference.components.ConstraintSystemCompletionContext.analyzeArgumentWithFixedParameterTypes(ConstraintSystemCompletionContext.kt:50)
	at org.jetbrains.kotlin.fir.resolve.inference.ConstraintSystemCompleter.runCompletion(ConstraintSystemCompleter.kt:78)
	at org.jetbrains.kotlin.fir.resolve.inference.ConstraintSystemCompleter.complete(ConstraintSystemCompleter.kt:54)
	at org.jetbrains.kotlin.fir.resolve.inference.FirCallCompleter.runCompletionForCall(FirCallCompleter.kt:304)
	at org.jetbrains.kotlin.fir.resolve.inference.FirCallCompleter.completeCall(FirCallCompleter.kt:135)
	at org.jetbrains.kotlin.fir.resolve.transformers.body.resolve.FirExpressionsResolveTransformer.transformFunctionCallInternal$resolve(FirExpressionsResolveTransformer.kt:598)
	at org.jetbrains.kotlin.fir.resolve.transformers.body.resolve.FirExpressionsResolveTransformer.transformFunctionCall(FirExpressionsResolveTransformer.kt:521)
	at org.jetbrains.kotlin.fir.resolve.transformers.body.resolve.FirAbstractBodyResolveTransformerDispatcher.transformFunctionCall(FirAbstractBodyResolveTransformerDispatcher.kt:209)
	at org.jetbrains.kotlin.fir.resolve.transformers.body.resolve.FirAbstractBodyResolveTransformerDispatcher.transformFunctionCall(FirAbstractBodyResolveTransformerDispatcher.kt:27)
	at org.jetbrains.kotlin.fir.expressions.FirFunctionCall.transform(FirFunctionCall.kt:45)
	at org.jetbrains.kotlin.fir.expressions.FirExpressionUtilKt.transformStatementsIndexed(FirExpressionUtil.kt:231)
	at org.jetbrains.kotlin.fir.resolve.transformers.body.resolve.FirExpressionsResolveTransformer.transformBlockInCurrentScope$resolve(FirExpressionsResolveTransformer.kt:755)
	at org.jetbrains.kotlin.fir.resolve.transformers.body.resolve.FirExpressionsResolveTransformer.transformBlock(FirExpressionsResolveTransformer.kt:746)
	at org.jetbrains.kotlin.fir.resolve.transformers.body.resolve.FirAbstractBodyResolveTransformerDispatcher.transformBlock(FirAbstractBodyResolveTransformerDispatcher.kt:236)
	at org.jetbrains.kotlin.fir.resolve.transformers.body.resolve.FirAbstractBodyResolveTransformerDispatcher.transformBlock(FirAbstractBodyResolveTransformerDispatcher.kt:27)
	at org.jetbrains.kotlin.fir.expressions.FirBlock.transform(FirBlock.kt:33)
	at org.jetbrains.kotlin.fir.resolve.transformers.body.resolve.FirPartialBodyResolveTransformer.transformElement(FirPartialBodyResolveTransformer.kt:36)
	at org.jetbrains.kotlin.fir.resolve.transformers.body.resolve.FirPartialBodyResolveTransformer.transformElement(FirPartialBodyResolveTransformer.kt:13)
	at org.jetbrains.kotlin.fir.visitors.FirTransformer.transformBlock(FirTransformer.kt:183)
	at org.jetbrains.kotlin.fir.expressions.FirBlock.transform(FirBlock.kt:33)
	at org.jetbrains.kotlin.fir.declarations.impl.FirNamedFunctionImpl.transformBody(FirNamedFunctionImpl.kt:117)
	at org.jetbrains.kotlin.fir.declarations.impl.FirNamedFunctionImpl.transformBody(FirNamedFunctionImpl.kt:32)
	at org.jetbrains.kotlin.fir.resolve.transformers.body.resolve.FirDeclarationsResolveTransformer.transformFunctionContent(FirDeclarationsResolveTransformer.kt:1110)
	at org.jetbrains.kotlin.fir.resolve.transformers.body.resolve.FirDeclarationsResolveTransformer.transformFunctionWithGivenSignature(FirDeclarationsResolveTransformer.kt:1031)
	at org.jetbrains.kotlin.fir.resolve.transformers.body.resolve.FirDeclarationsResolveTransformer.access$transformFunctionWithGivenSignature(FirDeclarationsResolveTransformer.kt:70)
	at org.jetbrains.kotlin.fir.resolve.transformers.body.resolve.FirDeclarationsResolveTransformer.transformNamedFunction$lambda$0$0$0(FirDeclarationsResolveTransformer.kt:1023)
	at org.jetbrains.kotlin.fir.resolve.transformers.body.resolve.BodyResolveContext.withParameters(BodyResolveContext.kt:1526)
	at org.jetbrains.kotlin.fir.resolve.transformers.body.resolve.BodyResolveContext.forFunctionBody(BodyResolveContext.kt:849)
	at org.jetbrains.kotlin.fir.resolve.transformers.body.resolve.FirDeclarationsResolveTransformer.transformNamedFunction(FirDeclarationsResolveTransformer.kt:1021)
	at org.jetbrains.kotlin.fir.resolve.transformers.body.resolve.FirAbstractBodyResolveTransformerDispatcher.transformNamedFunction(FirAbstractBodyResolveTransformerDispatcher.kt:588)
	at org.jetbrains.kotlin.fir.resolve.transformers.body.resolve.FirImplicitAwareBodyResolveTransformer.transformNamedFunction$lambda$0(FirImplicitBodyResolve.kt:154)
	at org.jetbrains.kotlin.fir.resolve.transformers.body.resolve.FirImplicitAwareBodyResolveTransformer.computeCachedTransformationResult(FirImplicitBodyResolve.kt:169)
	at org.jetbrains.kotlin.fir.resolve.transformers.body.resolve.FirImplicitAwareBodyResolveTransformer.transformNamedFunction(FirImplicitBodyResolve.kt:153)
	at org.jetbrains.kotlin.fir.resolve.transformers.body.resolve.FirImplicitAwareBodyResolveTransformer.transformNamedFunction(FirImplicitBodyResolve.kt:116)
	at org.jetbrains.kotlin.fir.declarations.FirNamedFunction.transform(FirNamedFunction.kt:75)
	at org.jetbrains.kotlin.fir.expressions.FirExpressionUtilKt.transformStatementsIndexed(FirExpressionUtil.kt:231)
	at org.jetbrains.kotlin.fir.resolve.transformers.body.resolve.FirExpressionsResolveTransformer.transformBlockInCurrentScope$resolve(FirExpressionsResolveTransformer.kt:755)
	at org.jetbrains.kotlin.fir.resolve.transformers.body.resolve.FirExpressionsResolveTransformer.transformBlock(FirExpressionsResolveTransformer.kt:746)
	at org.jetbrains.kotlin.fir.resolve.transformers.body.resolve.FirAbstractBodyResolveTransformerDispatcher.transformBlock(FirAbstractBodyResolveTransformerDispatcher.kt:236)
	at org.jetbrains.kotlin.fir.resolve.transformers.body.resolve.FirAbstractBodyResolveTransformerDispatcher.transformBlock(FirAbstractBodyResolveTransformerDispatcher.kt:27)
	at org.jetbrains.kotlin.fir.expressions.FirBlock.transform(FirBlock.kt:33)
	at org.jetbrains.kotlin.fir.resolve.transformers.body.resolve.FirPartialBodyResolveTransformer.transformElement(FirPartialBodyResolveTransformer.kt:36)
	at org.jetbrains.kotlin.fir.resolve.transformers.body.resolve.FirPartialBodyResolveTransformer.transformElement(FirPartialBodyResolveTransformer.kt:13)
	at org.jetbrains.kotlin.fir.visitors.FirTransformer.transformBlock(FirTransformer.kt:183)
	at org.jetbrains.kotlin.fir.expressions.FirBlock.transform(FirBlock.kt:33)
	at org.jetbrains.kotlin.fir.declarations.impl.FirAnonymousFunctionImpl.transformBody(FirAnonymousFunctionImpl.kt:134)
	at org.jetbrains.kotlin.fir.declarations.impl.FirAnonymousFunctionImpl.transformBody(FirAnonymousFunctionImpl.kt:33)
	at org.jetbrains.kotlin.fir.resolve.transformers.body.resolve.FirDeclarationsResolveTransformer.transformFunctionContent(FirDeclarationsResolveTransformer.kt:1110)
	at org.jetbrains.kotlin.fir.resolve.transformers.body.resolve.FirDeclarationsResolveTransformer.transformAnonymousFunctionBody$lambda$0(FirDeclarationsResolveTransformer.kt:1533)
	at org.jetbrains.kotlin.fir.resolve.transformers.body.resolve.BodyResolveContext.withAnonymousFunction(BodyResolveContext.kt:905)
	at org.jetbrains.kotlin.fir.resolve.transformers.body.resolve.FirDeclarationsResolveTransformer.transformAnonymousFunctionBody(FirDeclarationsResolveTransformer.kt:1523)
	at org.jetbrains.kotlin.fir.resolve.transformers.body.resolve.FirDeclarationsResolveTransformer.doTransformAnonymousFunctionBodyFromCallCompletion$resolve(FirDeclarationsResolveTransformer.kt:1513)
	at org.jetbrains.kotlin.fir.resolve.inference.FirCallCompleter$LambdaAnalyzerImpl.analyzeAndGetLambdaReturnArguments$lambda$5$2(FirCallCompleter.kt:485)
	at org.jetbrains.kotlin.fir.resolve.inference.FirPCLAInferenceSession.runWithSpecifiedCurrentCommonSystem(FirPCLAInferenceSession.kt:108)
	at org.jetbrains.kotlin.fir.resolve.inference.FirPCLAInferenceSession.runLambdaCompletion(FirPCLAInferenceSession.kt:99)
	at org.jetbrains.kotlin.fir.resolve.inference.FirCallCompleter$LambdaAnalyzerImpl.analyzeAndGetLambdaReturnArguments(FirCallCompleter.kt:484)
	at org.jetbrains.kotlin.fir.resolve.inference.PostponedArgumentsAnalyzer.analyzeLambda(PostponedArgumentsAnalyzer.kt:322)
	at org.jetbrains.kotlin.fir.resolve.inference.PostponedArgumentsAnalyzer.analyzeLambda$default(PostponedArgumentsAnalyzer.kt:268)
	at org.jetbrains.kotlin.fir.resolve.inference.PostponedArgumentsAnalyzer.analyze(PostponedArgumentsAnalyzer.kt:80)
	at org.jetbrains.kotlin.fir.resolve.inference.FirCallCompleter.runCompletionForCall$lambda$0(FirCallCompleter.kt:311)
	at org.jetbrains.kotlin.fir.resolve.inference.ConstraintSystemCompleter.runCompletion$lambda$0(ConstraintSystemCompleter.kt:79)
	at org.jetbrains.kotlin.resolve.calls.inference.components.ConstraintSystemCompletionContext.analyzeArgumentWithFixedParameterTypes(ConstraintSystemCompletionContext.kt:50)
	at org.jetbrains.kotlin.fir.resolve.inference.ConstraintSystemCompleter.runCompletion(ConstraintSystemCompleter.kt:78)
	at org.jetbrains.kotlin.fir.resolve.inference.ConstraintSystemCompleter.complete(ConstraintSystemCompleter.kt:54)
	at org.jetbrains.kotlin.fir.resolve.inference.FirCallCompleter.runCompletionForCall(FirCallCompleter.kt:304)
	at org.jetbrains.kotlin.fir.resolve.inference.FirCallCompleter.completeCall(FirCallCompleter.kt:135)
	at org.jetbrains.kotlin.fir.resolve.transformers.body.resolve.FirExpressionsResolveTransformer.transformFunctionCallInternal$resolve(FirExpressionsResolveTransformer.kt:598)
	at org.jetbrains.kotlin.fir.resolve.transformers.body.resolve.FirExpressionsResolveTransformer.transformFunctionCall(FirExpressionsResolveTransformer.kt:521)
	at org.jetbrains.kotlin.fir.resolve.transformers.body.resolve.FirAbstractBodyResolveTransformerDispatcher.transformFunctionCall(FirAbstractBodyResolveTransformerDispatcher.kt:209)
	at org.jetbrains.kotlin.fir.resolve.transformers.body.resolve.FirAbstractBodyResolveTransformerDispatcher.transformFunctionCall(FirAbstractBodyResolveTransformerDispatcher.kt:27)
	at org.jetbrains.kotlin.fir.expressions.FirFunctionCall.transform(FirFunctionCall.kt:45)
	at org.jetbrains.kotlin.fir.expressions.FirExpressionUtilKt.transformStatementsIndexed(FirExpressionUtil.kt:231)
	at org.jetbrains.kotlin.fir.resolve.transformers.body.resolve.FirExpressionsResolveTransformer.transformBlockInCurrentScope$resolve(FirExpressionsResolveTransformer.kt:755)
	at org.jetbrains.kotlin.fir.resolve.transformers.body.resolve.FirExpressionsResolveTransformer.transformBlock(FirExpressionsResolveTransformer.kt:746)
	at org.jetbrains.kotlin.fir.resolve.transformers.body.resolve.FirAbstractBodyResolveTransformerDispatcher.transformBlock(FirAbstractBodyResolveTransformerDispatcher.kt:236)
	at org.jetbrains.kotlin.fir.resolve.transformers.body.resolve.FirAbstractBodyResolveTransformerDispatcher.transformBlock(FirAbstractBodyResolveTransformerDispatcher.kt:27)
	at org.jetbrains.kotlin.fir.expressions.FirBlock.transform(FirBlock.kt:33)
	at org.jetbrains.kotlin.fir.resolve.transformers.body.resolve.FirPartialBodyResolveTransformer.transformElement(FirPartialBodyResolveTransformer.kt:36)
	at org.jetbrains.kotlin.fir.resolve.transformers.body.resolve.FirPartialBodyResolveTransformer.transformElement(FirPartialBodyResolveTransformer.kt:13)
	at org.jetbrains.kotlin.fir.visitors.FirTransformer.transformBlock(FirTransformer.kt:183)
	at org.jetbrains.kotlin.fir.expressions.FirBlock.transform(FirBlock.kt:33)
	at org.jetbrains.kotlin.fir.declarations.impl.FirNamedFunctionImpl.transformBody(FirNamedFunctionImpl.kt:117)
	at org.jetbrains.kotlin.fir.declarations.impl.FirNamedFunctionImpl.transformBody(FirNamedFunctionImpl.kt:32)
	at org.jetbrains.kotlin.fir.resolve.transformers.body.resolve.FirDeclarationsResolveTransformer.transformFunctionContent(FirDeclarationsResolveTransformer.kt:1110)
	at org.jetbrains.kotlin.fir.resolve.transformers.body.resolve.FirDeclarationsResolveTransformer.transformFunctionWithGivenSignature(FirDeclarationsResolveTransformer.kt:1031)
	at org.jetbrains.kotlin.fir.resolve.transformers.body.resolve.FirDeclarationsResolveTransformer.access$transformFunctionWithGivenSignature(FirDeclarationsResolveTransformer.kt:70)
	at org.jetbrains.kotlin.fir.resolve.transformers.body.resolve.FirDeclarationsResolveTransformer.transformNamedFunction$lambda$0$0$0(FirDeclarationsResolveTransformer.kt:1023)
	at org.jetbrains.kotlin.fir.resolve.transformers.body.resolve.BodyResolveContext.withParameters(BodyResolveContext.kt:1526)
	at org.jetbrains.kotlin.fir.resolve.transformers.body.resolve.BodyResolveContext.forFunctionBody(BodyResolveContext.kt:849)
	at org.jetbrains.kotlin.fir.resolve.transformers.body.resolve.FirDeclarationsResolveTransformer.transformNamedFunction(FirDeclarationsResolveTransformer.kt:1021)
	at org.jetbrains.kotlin.fir.resolve.transformers.body.resolve.FirAbstractBodyResolveTransformerDispatcher.transformNamedFunction(FirAbstractBodyResolveTransformerDispatcher.kt:588)
	at org.jetbrains.kotlin.fir.resolve.transformers.body.resolve.FirImplicitAwareBodyResolveTransformer.transformNamedFunction$lambda$0(FirImplicitBodyResolve.kt:154)
	at org.jetbrains.kotlin.fir.resolve.transformers.body.resolve.FirImplicitAwareBodyResolveTransformer.computeCachedTransformationResult(FirImplicitBodyResolve.kt:169)
	at org.jetbrains.kotlin.fir.resolve.transformers.body.resolve.FirImplicitAwareBodyResolveTransformer.transformNamedFunction(FirImplicitBodyResolve.kt:153)
	at org.jetbrains.kotlin.fir.resolve.transformers.body.resolve.FirImplicitAwareBodyResolveTransformer.transformNamedFunction(FirImplicitBodyResolve.kt:116)
	at org.jetbrains.kotlin.fir.declarations.FirNamedFunction.transform(FirNamedFunction.kt:75)
	at org.jetbrains.kotlin.fir.expressions.FirExpressionUtilKt.transformStatementsIndexed(FirExpressionUtil.kt:231)
	at org.jetbrains.kotlin.fir.resolve.transformers.body.resolve.FirExpressionsResolveTransformer.transformBlockInCurrentScope$resolve(FirExpressionsResolveTransformer.kt:755)
	at org.jetbrains.kotlin.fir.resolve.transformers.body.resolve.FirExpressionsResolveTransformer.transformBlock(FirExpressionsResolveTransformer.kt:746)
	at org.jetbrains.kotlin.fir.resolve.transformers.body.resolve.FirAbstractBodyResolveTransformerDispatcher.transformBlock(FirAbstractBodyResolveTransformerDispatcher.kt:236)
	at org.jetbrains.kotlin.fir.resolve.transformers.body.resolve.FirAbstractBodyResolveTransformerDispatcher.transformBlock(FirAbstractBodyResolveTransformerDispatcher.kt:27)
	at org.jetbrains.kotlin.fir.expressions.FirBlock.transform(FirBlock.kt:33)
	at org.jetbrains.kotlin.fir.resolve.transformers.body.resolve.FirPartialBodyResolveTransformer.transformElement(FirPartialBodyResolveTransformer.kt:36)
	at org.jetbrains.kotlin.fir.resolve.transformers.body.resolve.FirPartialBodyResolveTransformer.transformElement(FirPartialBodyResolveTransformer.kt:13)
	at org.jetbrains.kotlin.fir.visitors.FirTransformer.transformBlock(FirTransformer.kt:183)
	at org.jetbrains.kotlin.fir.expressions.FirBlock.transform(FirBlock.kt:33)
	at org.jetbrains.kotlin.fir.declarations.impl.FirAnonymousFunctionImpl.transformBody(FirAnonymousFunctionImpl.kt:134)
	at org.jetbrains.kotlin.fir.declarations.impl.FirAnonymousFunctionImpl.transformBody(FirAnonymousFunctionImpl.kt:33)
	at org.jetbrains.kotlin.fir.resolve.transformers.body.resolve.FirDeclarationsResolveTransformer.transformFunctionContent(FirDeclarationsResolveTransformer.kt:1110)
	at org.jetbrains.kotlin.fir.resolve.transformers.body.resolve.FirDeclarationsResolveTransformer.transformAnonymousFunctionBody$lambda$0(FirDeclarationsResolveTransformer.kt:1533)
	at org.jetbrains.kotlin.fir.resolve.transformers.body.resolve.BodyResolveContext.withAnonymousFunction(BodyResolveContext.kt:905)
	at org.jetbrains.kotlin.fir.resolve.transformers.body.resolve.FirDeclarationsResolveTransformer.transformAnonymousFunctionBody(FirDeclarationsResolveTransformer.kt:1523)
	at org.jetbrains.kotlin.fir.resolve.transformers.body.resolve.FirDeclarationsResolveTransformer.doTransformAnonymousFunctionBodyFromCallCompletion$resolve(FirDeclarationsResolveTransformer.kt:1513)
	at org.jetbrains.kotlin.fir.resolve.inference.FirCallCompleter$LambdaAnalyzerImpl.analyzeAndGetLambdaReturnArguments$lambda$5$2(FirCallCompleter.kt:485)
	at org.jetbrains.kotlin.fir.resolve.inference.FirPCLAInferenceSession.runWithSpecifiedCurrentCommonSystem(FirPCLAInferenceSession.kt:108)
	at org.jetbrains.kotlin.fir.resolve.inference.FirPCLAInferenceSession.runLambdaCompletion(FirPCLAInferenceSession.kt:99)
	at org.jetbrains.kotlin.fir.resolve.inference.FirCallCompleter$LambdaAnalyzerImpl.analyzeAndGetLambdaReturnArguments(FirCallCompleter.kt:484)
	at org.jetbrains.kotlin.fir.resolve.inference.PostponedArgumentsAnalyzer.analyzeLambda(PostponedArgumentsAnalyzer.kt:322)
	at org.jetbrains.kotlin.fir.resolve.inference.PostponedArgumentsAnalyzer.analyzeLambda$default(PostponedArgumentsAnalyzer.kt:268)
	at org.jetbrains.kotlin.fir.resolve.inference.PostponedArgumentsAnalyzer.analyze(PostponedArgumentsAnalyzer.kt:80)
	at org.jetbrains.kotlin.fir.resolve.inference.FirCallCompleter.runCompletionForCall$lambda$0(FirCallCompleter.kt:311)
	at org.jetbrains.kotlin.fir.resolve.inference.ConstraintSystemCompleter.runCompletion$lambda$0(ConstraintSystemCompleter.kt:79)
	at org.jetbrains.kotlin.resolve.calls.inference.components.ConstraintSystemCompletionContext.analyzeArgumentWithFixedParameterTypes(ConstraintSystemCompletionContext.kt:50)
	at org.jetbrains.kotlin.fir.resolve.inference.ConstraintSystemCompleter.runCompletion(ConstraintSystemCompleter.kt:78)
	at org.jetbrains.kotlin.fir.resolve.inference.ConstraintSystemCompleter.complete(ConstraintSystemCompleter.kt:54)
	at org.jetbrains.kotlin.fir.resolve.inference.FirCallCompleter.runCompletionForCall(FirCallCompleter.kt:304)
	at org.jetbrains.kotlin.fir.resolve.inference.FirCallCompleter.completeCall(FirCallCompleter.kt:135)
	at org.jetbrains.kotlin.fir.resolve.transformers.body.resolve.FirExpressionsResolveTransformer.transformFunctionCallInternal$resolve(FirExpressionsResolveTransformer.kt:598)
	at org.jetbrains.kotlin.fir.resolve.transformers.body.resolve.FirExpressionsResolveTransformer.transformFunctionCall(FirExpressionsResolveTransformer.kt:521)
	at org.jetbrains.kotlin.fir.resolve.transformers.body.resolve.FirAbstractBodyResolveTransformerDispatcher.transformFunctionCall(FirAbstractBodyResolveTransformerDispatcher.kt:209)
	at org.jetbrains.kotlin.fir.resolve.transformers.body.resolve.FirAbstractBodyResolveTransformerDispatcher.transformFunctionCall(FirAbstractBodyResolveTransformerDispatcher.kt:27)
	at org.jetbrains.kotlin.fir.expressions.FirFunctionCall.transform(FirFunctionCall.kt:45)
	at org.jetbrains.kotlin.fir.expressions.FirExpressionUtilKt.transformStatementsIndexed(FirExpressionUtil.kt:231)
	at org.jetbrains.kotlin.fir.resolve.transformers.body.resolve.FirExpressionsResolveTransformer.transformBlockInCurrentScope$resolve(FirExpressionsResolveTransformer.kt:755)
	at org.jetbrains.kotlin.fir.resolve.transformers.body.resolve.FirExpressionsResolveTransformer.transformBlock(FirExpressionsResolveTransformer.kt:746)
	at org.jetbrains.kotlin.fir.resolve.transformers.body.resolve.FirAbstractBodyResolveTransformerDispatcher.transformBlock(FirAbstractBodyResolveTransformerDispatcher.kt:236)
	at org.jetbrains.kotlin.fir.resolve.transformers.body.resolve.FirAbstractBodyResolveTransformerDispatcher.transformBlock(FirAbstractBodyResolveTransformerDispatcher.kt:27)
	at org.jetbrains.kotlin.fir.expressions.FirBlock.transform(FirBlock.kt:33)
	at org.jetbrains.kotlin.fir.resolve.transformers.body.resolve.FirPartialBodyResolveTransformer.transformElement(FirPartialBodyResolveTransformer.kt:36)
	at org.jetbrains.kotlin.fir.resolve.transformers.body.resolve.FirPartialBodyResolveTransformer.transformElement(FirPartialBodyResolveTransformer.kt:13)
	at org.jetbrains.kotlin.fir.visitors.FirTransformer.transformBlock(FirTransformer.kt:183)
	at org.jetbrains.kotlin.fir.expressions.FirBlock.transform(FirBlock.kt:33)
	at org.jetbrains.kotlin.fir.declarations.impl.FirNamedFunctionImpl.transformBody(FirNamedFunctionImpl.kt:117)
	at org.jetbrains.kotlin.fir.declarations.impl.FirNamedFunctionImpl.transformBody(FirNamedFunctionImpl.kt:32)
	at org.jetbrains.kotlin.fir.resolve.transformers.body.resolve.FirDeclarationsResolveTransformer.transformFunctionContent(FirDeclarationsResolveTransformer.kt:1110)
	at org.jetbrains.kotlin.fir.resolve.transformers.body.resolve.FirDeclarationsResolveTransformer.transformFunctionWithGivenSignature(FirDeclarationsResolveTransformer.kt:1031)
	at org.jetbrains.kotlin.fir.resolve.transformers.body.resolve.FirDeclarationsResolveTransformer.access$transformFunctionWithGivenSignature(FirDeclarationsResolveTransformer.kt:70)
	at org.jetbrains.kotlin.fir.resolve.transformers.body.resolve.FirDeclarationsResolveTransformer.transformNamedFunction$lambda$0$0$0(FirDeclarationsResolveTransformer.kt:1023)
	at org.jetbrains.kotlin.fir.resolve.transformers.body.resolve.BodyResolveContext.withParameters(BodyResolveContext.kt:1526)
	at org.jetbrains.kotlin.fir.resolve.transformers.body.resolve.BodyResolveContext.forFunctionBody(BodyResolveContext.kt:849)
	at org.jetbrains.kotlin.fir.resolve.transformers.body.resolve.FirDeclarationsResolveTransformer.transformNamedFunction(FirDeclarationsResolveTransformer.kt:1021)
	at org.jetbrains.kotlin.fir.resolve.transformers.body.resolve.FirAbstractBodyResolveTransformerDispatcher.transformNamedFunction(FirAbstractBodyResolveTransformerDispatcher.kt:588)
	at org.jetbrains.kotlin.fir.resolve.transformers.body.resolve.FirImplicitAwareBodyResolveTransformer.transformNamedFunction$lambda$0(FirImplicitBodyResolve.kt:154)
	at org.jetbrains.kotlin.fir.resolve.transformers.body.resolve.FirImplicitAwareBodyResolveTransformer.computeCachedTransformationResult(FirImplicitBodyResolve.kt:169)
	at org.jetbrains.kotlin.fir.resolve.transformers.body.resolve.FirImplicitAwareBodyResolveTransformer.transformNamedFunction(FirImplicitBodyResolve.kt:153)
	at org.jetbrains.kotlin.fir.resolve.transformers.body.resolve.FirImplicitAwareBodyResolveTransformer.transformNamedFunction(FirImplicitBodyResolve.kt:116)
	at org.jetbrains.kotlin.fir.declarations.FirNamedFunction.transform(FirNamedFunction.kt:75)
	at org.jetbrains.kotlin.fir.expressions.FirExpressionUtilKt.transformStatementsIndexed(FirExpressionUtil.kt:231)
	at org.jetbrains.kotlin.fir.resolve.transformers.body.resolve.FirExpressionsResolveTransformer.transformBlockInCurrentScope$resolve(FirExpressionsResolveTransformer.kt:755)
	at org.jetbrains.kotlin.fir.resolve.transformers.body.resolve.FirExpressionsResolveTransformer.transformBlock(FirExpressionsResolveTransformer.kt:746)
	at org.jetbrains.kotlin.fir.resolve.transformers.body.resolve.FirAbstractBodyResolveTransformerDispatcher.transformBlock(FirAbstractBodyResolveTransformerDispatcher.kt:236)
	at org.jetbrains.kotlin.fir.resolve.transformers.body.resolve.FirAbstractBodyResolveTransformerDispatcher.transformBlock(FirAbstractBodyResolveTransformerDispatcher.kt:27)
	at org.jetbrains.kotlin.fir.expressions.FirBlock.transform(FirBlock.kt:33)
	at org.jetbrains.kotlin.fir.resolve.transformers.body.resolve.FirPartialBodyResolveTransformer.transformElement(FirPartialBodyResolveTransformer.kt:36)
	at org.jetbrains.kotlin.fir.resolve.transformers.body.resolve.FirPartialBodyResolveTransformer.transformElement(FirPartialBodyResolveTransformer.kt:13)
	at org.jetbrains.kotlin.fir.visitors.FirTransformer.transformBlock(FirTransformer.kt:183)
	at org.jetbrains.kotlin.fir.expressions.FirBlock.transform(FirBlock.kt:33)
	at org.jetbrains.kotlin.fir.declarations.impl.FirAnonymousFunctionImpl.transformBody(FirAnonymousFunctionImpl.kt:134)
	at org.jetbrains.kotlin.fir.declarations.impl.FirAnonymousFunctionImpl.transformBody(FirAnonymousFunctionImpl.kt:33)
	at org.jetbrains.kotlin.fir.resolve.transformers.body.resolve.FirDeclarationsResolveTransformer.transformFunctionContent(FirDeclarationsResolveTransformer.kt:1110)
	at org.jetbrains.kotlin.fir.resolve.transformers.body.resolve.FirDeclarationsResolveTransformer.transformAnonymousFunctionBody$lambda$0(FirDeclarationsResolveTransformer.kt:1533)
	at org.jetbrains.kotlin.fir.resolve.transformers.body.resolve.BodyResolveContext.withAnonymousFunction(BodyResolveContext.kt:905)
	at org.jetbrains.kotlin.fir.resolve.transformers.body.resolve.FirDeclarationsResolveTransformer.transformAnonymousFunctionBody(FirDeclarationsResolveTransformer.kt:1523)
	at org.jetbrains.kotlin.fir.resolve.transformers.body.resolve.FirDeclarationsResolveTransformer.doTransformAnonymousFunctionBodyFromCallCompletion$resolve(FirDeclarationsResolveTransformer.kt:1513)
	at org.jetbrains.kotlin.fir.resolve.inference.FirCallCompleter$LambdaAnalyzerImpl.analyzeAndGetLambdaReturnArguments$lambda$5$2(FirCallCompleter.kt:485)
	at org.jetbrains.kotlin.fir.resolve.inference.FirPCLAInferenceSession.runWithSpecifiedCurrentCommonSystem(FirPCLAInferenceSession.kt:108)
	at org.jetbrains.kotlin.fir.resolve.inference.FirPCLAInferenceSession.runLambdaCompletion(FirPCLAInferenceSession.kt:99)
	at org.jetbrains.kotlin.fir.resolve.inference.FirCallCompleter$LambdaAnalyzerImpl.analyzeAndGetLambdaReturnArguments(FirCallCompleter.kt:484)
	at org.jetbrains.kotlin.fir.resolve.inference.PostponedArgumentsAnalyzer.analyzeLambda(PostponedArgumentsAnalyzer.kt:322)
	at org.jetbrains.kotlin.fir.resolve.inference.PostponedArgumentsAnalyzer.analyzeLambda$default(PostponedArgumentsAnalyzer.kt:268)
	at org.jetbrains.kotlin.fir.resolve.inference.PostponedArgumentsAnalyzer.analyze(PostponedArgumentsAnalyzer.kt:80)
	at org.jetbrains.kotlin.fir.resolve.inference.FirCallCompleter.runCompletionForCall$lambda$0(FirCallCompleter.kt:311)
	at org.jetbrains.kotlin.fir.resolve.inference.ConstraintSystemCompleter.runCompletion$lambda$0(ConstraintSystemCompleter.kt:79)
	at org.jetbrains.kotlin.resolve.calls.inference.components.ConstraintSystemCompletionContext.analyzeArgumentWithFixedParameterTypes(ConstraintSystemCompletionContext.kt:50)
	at org.jetbrains.kotlin.fir.resolve.inference.ConstraintSystemCompleter.runCompletion(ConstraintSystemCompleter.kt:78)
	at org.jetbrains.kotlin.fir.resolve.inference.ConstraintSystemCompleter.complete(ConstraintSystemCompleter.kt:54)
	at org.jetbrains.kotlin.fir.resolve.inference.FirCallCompleter.runCompletionForCall(FirCallCompleter.kt:304)
	at org.jetbrains.kotlin.fir.resolve.inference.FirCallCompleter.completeCall(FirCallCompleter.kt:135)
	at org.jetbrains.kotlin.fir.resolve.transformers.body.resolve.FirExpressionsResolveTransformer.transformFunctionCallInternal$resolve(FirExpressionsResolveTransformer.kt:598)
	at org.jetbrains.kotlin.fir.resolve.transformers.body.resolve.FirExpressionsResolveTransformer.transformFunctionCall(FirExpressionsResolveTransformer.kt:521)
	at org.jetbrains.kotlin.fir.resolve.transformers.body.resolve.FirAbstractBodyResolveTransformerDispatcher.transformFunctionCall(FirAbstractBodyResolveTransformerDispatcher.kt:209)
	at org.jetbrains.kotlin.fir.resolve.transformers.body.resolve.FirAbstractBodyResolveTransformerDispatcher.transformFunctionCall(FirAbstractBodyResolveTransformerDispatcher.kt:27)
	at org.jetbrains.kotlin.fir.expressions.FirFunctionCall.transform(FirFunctionCall.kt:45)
	at org.jetbrains.kotlin.fir.expressions.FirExpressionUtilKt.transformStatementsIndexed(FirExpressionUtil.kt:231)
	at org.jetbrains.kotlin.fir.resolve.transformers.body.resolve.FirExpressionsResolveTransformer.transformBlockInCurrentScope$resolve(FirExpressionsResolveTransformer.kt:755)
	at org.jetbrains.kotlin.fir.resolve.transformers.body.resolve.FirExpressionsResolveTransformer.transformBlock(FirExpressionsResolveTransformer.kt:746)
	at org.jetbrains.kotlin.fir.resolve.transformers.body.resolve.FirAbstractBodyResolveTransformerDispatcher.transformBlock(FirAbstractBodyResolveTransformerDispatcher.kt:236)
	at org.jetbrains.kotlin.fir.resolve.transformers.body.resolve.FirAbstractBodyResolveTransformerDispatcher.transformBlock(FirAbstractBodyResolveTransformerDispatcher.kt:27)
	at org.jetbrains.kotlin.fir.expressions.FirBlock.transform(FirBlock.kt:33)
	at org.jetbrains.kotlin.fir.resolve.transformers.body.resolve.FirPartialBodyResolveTransformer.transformElement(FirPartialBodyResolveTransformer.kt:36)
	at org.jetbrains.kotlin.fir.resolve.transformers.body.resolve.FirPartialBodyResolveTransformer.transformElement(FirPartialBodyResolveTransformer.kt:13)
	at org.jetbrains.kotlin.fir.visitors.FirTransformer.transformBlock(FirTransformer.kt:183)
	at org.jetbrains.kotlin.fir.expressions.FirBlock.transform(FirBlock.kt:33)
	at org.jetbrains.kotlin.fir.declarations.impl.FirNamedFunctionImpl.transformBody(FirNamedFunctionImpl.kt:117)
	at org.jetbrains.kotlin.fir.declarations.impl.FirNamedFunctionImpl.transformBody(FirNamedFunctionImpl.kt:32)
	at org.jetbrains.kotlin.fir.resolve.transformers.body.resolve.FirDeclarationsResolveTransformer.transformFunctionContent(FirDeclarationsResolveTransformer.kt:1110)
	at org.jetbrains.kotlin.fir.resolve.transformers.body.resolve.FirDeclarationsResolveTransformer.transformFunctionWithGivenSignature(FirDeclarationsResolveTransformer.kt:1031)
	at org.jetbrains.kotlin.fir.resolve.transformers.body.resolve.FirDeclarationsResolveTransformer.access$transformFunctionWithGivenSignature(FirDeclarationsResolveTransformer.kt:70)
	at org.jetbrains.kotlin.fir.resolve.transformers.body.resolve.FirDeclarationsResolveTransformer.transformNamedFunction$lambda$0$0$0(FirDeclarationsResolveTransformer.kt:1023)
	at org.jetbrains.kotlin.fir.resolve.transformers.body.resolve.BodyResolveContext.withParameters(BodyResolveContext.kt:1526)
	at org.jetbrains.kotlin.fir.resolve.transformers.body.resolve.BodyResolveContext.forFunctionBody(BodyResolveContext.kt:849)
	at org.jetbrains.kotlin.fir.resolve.transformers.body.resolve.FirDeclarationsResolveTransformer.transformNamedFunction(FirDeclarationsResolveTransformer.kt:1021)
	at org.jetbrains.kotlin.fir.resolve.transformers.body.resolve.FirAbstractBodyResolveTransformerDispatcher.transformNamedFunction(FirAbstractBodyResolveTransformerDispatcher.kt:588)
	at org.jetbrains.kotlin.fir.resolve.transformers.body.resolve.FirImplicitAwareBodyResolveTransformer.transformNamedFunction$lambda$0(FirImplicitBodyResolve.kt:154)
	at org.jetbrains.kotlin.fir.resolve.transformers.body.resolve.FirImplicitAwareBodyResolveTransformer.computeCachedTransformationResult(FirImplicitBodyResolve.kt:169)
	at org.jetbrains.kotlin.fir.resolve.transformers.body.resolve.FirImplicitAwareBodyResolveTransformer.transformNamedFunction(FirImplicitBodyResolve.kt:153)
	at org.jetbrains.kotlin.fir.resolve.transformers.body.resolve.FirImplicitAwareBodyResolveTransformer.transformNamedFunction(FirImplicitBodyResolve.kt:116)
	at org.jetbrains.kotlin.fir.declarations.FirNamedFunction.transform(FirNamedFunction.kt:75)
	at org.jetbrains.kotlin.fir.expressions.FirExpressionUtilKt.transformStatementsIndexed(FirExpressionUtil.kt:231)
	at org.jetbrains.kotlin.fir.resolve.transformers.body.resolve.FirExpressionsResolveTransformer.transformBlockInCurrentScope$resolve(FirExpressionsResolveTransformer.kt:755)
	at org.jetbrains.kotlin.fir.resolve.transformers.body.resolve.FirExpressionsResolveTransformer.transformBlock(FirExpressionsResolveTransformer.kt:746)
	at org.jetbrains.kotlin.fir.resolve.transformers.body.resolve.FirAbstractBodyResolveTransformerDispatcher.transformBlock(FirAbstractBodyResolveTransformerDispatcher.kt:236)
	at org.jetbrains.kotlin.fir.resolve.transformers.body.resolve.FirAbstractBodyResolveTransformerDispatcher.transformBlock(FirAbstractBodyResolveTransformerDispatcher.kt:27)
	at org.jetbrains.kotlin.fir.expressions.FirBlock.transform(FirBlock.kt:33)
	at org.jetbrains.kotlin.fir.resolve.transformers.body.resolve.FirPartialBodyResolveTransformer.transformElement(FirPartialBodyResolveTransformer.kt:36)
	at org.jetbrains.kotlin.fir.resolve.transformers.body.resolve.FirPartialBodyResolveTransformer.transformElement(FirPartialBodyResolveTransformer.kt:13)
	at org.jetbrains.kotlin.fir.visitors.FirTransformer.transformBlock(FirTransformer.kt:183)
	at org.jetbrains.kotlin.fir.expressions.FirBlock.transform(FirBlock.kt:33)
	at org.jetbrains.kotlin.fir.declarations.impl.FirAnonymousFunctionImpl.transformBody(FirAnonymousFunctionImpl.kt:134)
	at org.jetbrains.kotlin.fir.declarations.impl.FirAnonymousFunctionImpl.transformBody(FirAnonymousFunctionImpl.kt:33)
	at org.jetbrains.kotlin.fir.resolve.transformers.body.resolve.FirDeclarationsResolveTransformer.transformFunctionContent(FirDeclarationsResolveTransformer.kt:1110)
	at org.jetbrains.kotlin.fir.resolve.transformers.body.resolve.FirDeclarationsResolveTransformer.transformAnonymousFunctionBody$lambda$0(FirDeclarationsResolveTransformer.kt:1533)
	at org.jetbrains.kotlin.fir.resolve.transformers.body.resolve.BodyResolveContext.withAnonymousFunction(BodyResolveContext.kt:905)
	at org.jetbrains.kotlin.fir.resolve.transformers.body.resolve.FirDeclarationsResolveTransformer.transformAnonymousFunctionBody(FirDeclarationsResolveTransformer.kt:1523)
	at org.jetbrains.kotlin.fir.resolve.transformers.body.resolve.FirDeclarationsResolveTransformer.doTransformAnonymousFunctionBodyFromCallCompletion$resolve(FirDeclarationsResolveTransformer.kt:1513)
	at org.jetbrains.kotlin.fir.resolve.inference.FirCallCompleter$LambdaAnalyzerImpl.analyzeAndGetLambdaReturnArguments$lambda$5$2(FirCallCompleter.kt:485)
	at org.jetbrains.kotlin.fir.resolve.inference.FirPCLAInferenceSession.runWithSpecifiedCurrentCommonSystem(FirPCLAInferenceSession.kt:108)
	at org.jetbrains.kotlin.fir.resolve.inference.FirPCLAInferenceSession.runLambdaCompletion(FirPCLAInferenceSession.kt:99)
	at org.jetbrains.kotlin.fir.resolve.inference.FirCallCompleter$LambdaAnalyzerImpl.analyzeAndGetLambdaReturnArguments(FirCallCompleter.kt:484)
	at org.jetbrains.kotlin.fir.resolve.inference.PostponedArgumentsAnalyzer.analyzeLambda(PostponedArgumentsAnalyzer.kt:322)
	at org.jetbrains.kotlin.fir.resolve.inference.PostponedArgumentsAnalyzer.analyzeLambda$default(PostponedArgumentsAnalyzer.kt:268)
	at org.jetbrains.kotlin.fir.resolve.inference.PostponedArgumentsAnalyzer.analyze(PostponedArgumentsAnalyzer.kt:80)
	at org.jetbrains.kotlin.fir.resolve.inference.FirCallCompleter.runCompletionForCall$lambda$0(FirCallCompleter.kt:311)
	at org.jetbrains.kotlin.fir.resolve.inference.ConstraintSystemCompleter.runCompletion$lambda$0(ConstraintSystemCompleter.kt:79)
	at org.jetbrains.kotlin.resolve.calls.inference.components.ConstraintSystemCompletionContext.analyzeArgumentWithFixedParameterTypes(ConstraintSystemCompletionContext.kt:50)
	at org.jetbrains.kotlin.fir.resolve.inference.ConstraintSystemCompleter.runCompletion(ConstraintSystemCompleter.kt:78)
	at org.jetbrains.kotlin.fir.resolve.inference.ConstraintSystemCompleter.complete(ConstraintSystemCompleter.kt:54)
	at org.jetbrains.kotlin.fir.resolve.inference.FirCallCompleter.runCompletionForCall(FirCallCompleter.kt:304)
	at org.jetbrains.kotlin.fir.resolve.inference.FirCallCompleter.completeCall(FirCallCompleter.kt:135)
	at org.jetbrains.kotlin.fir.resolve.transformers.body.resolve.FirExpressionsResolveTransformer.transformFunctionCallInternal$resolve(FirExpressionsResolveTransformer.kt:598)
	at org.jetbrains.kotlin.fir.resolve.transformers.body.resolve.FirExpressionsResolveTransformer.transformFunctionCall(FirExpressionsResolveTransformer.kt:521)
	at org.jetbrains.kotlin.fir.resolve.transformers.body.resolve.FirAbstractBodyResolveTransformerDispatcher.transformFunctionCall(FirAbstractBodyResolveTransformerDispatcher.kt:209)
	at org.jetbrains.kotlin.fir.resolve.transformers.body.resolve.FirAbstractBodyResolveTransformerDispatcher.transformFunctionCall(FirAbstractBodyResolveTransformerDispatcher.kt:27)
	at org.jetbrains.kotlin.fir.expressions.FirFunctionCall.transform(FirFunctionCall.kt:45)
	at org.jetbrains.kotlin.fir.expressions.FirExpressionUtilKt.transformStatementsIndexed(FirExpressionUtil.kt:231)
	at org.jetbrains.kotlin.fir.resolve.transformers.body.resolve.FirExpressionsResolveTransformer.transformBlockInCurrentScope$resolve(FirExpressionsResolveTransformer.kt:755)
	at org.jetbrains.kotlin.fir.resolve.transformers.body.resolve.FirExpressionsResolveTransformer.transformBlock(FirExpressionsResolveTransformer.kt:746)
	at org.jetbrains.kotlin.fir.resolve.transformers.body.resolve.FirAbstractBodyResolveTransformerDispatcher.transformBlock(FirAbstractBodyResolveTransformerDispatcher.kt:236)
	at org.jetbrains.kotlin.fir.resolve.transformers.body.resolve.FirAbstractBodyResolveTransformerDispatcher.transformBlock(FirAbstractBodyResolveTransformerDispatcher.kt:27)
	at org.jetbrains.kotlin.fir.expressions.FirBlock.transform(FirBlock.kt:33)
	at org.jetbrains.kotlin.fir.resolve.transformers.body.resolve.FirPartialBodyResolveTransformer.transformElement(FirPartialBodyResolveTransformer.kt:36)
	at org.jetbrains.kotlin.fir.resolve.transformers.body.resolve.FirPartialBodyResolveTransformer.transformElement(FirPartialBodyResolveTransformer.kt:13)
	at org.jetbrains.kotlin.fir.visitors.FirTransformer.transformBlock(FirTransformer.kt:183)
	at org.jetbrains.kotlin.fir.expressions.FirBlock.transform(FirBlock.kt:33)
	at org.jetbrains.kotlin.fir.declarations.impl.FirNamedFunctionImpl.transformBody(FirNamedFunctionImpl.kt:117)
	at org.jetbrains.kotlin.fir.declarations.impl.FirNamedFunctionImpl.transformBody(FirNamedFunctionImpl.kt:32)
	at org.jetbrains.kotlin.fir.resolve.transformers.body.resolve.FirDeclarationsResolveTransformer.transformFunctionContent(FirDeclarationsResolveTransformer.kt:1110)
	at org.jetbrains.kotlin.fir.resolve.transformers.body.resolve.FirDeclarationsResolveTransformer.transformFunctionWithGivenSignature(FirDeclarationsResolveTransformer.kt:1031)
	at org.jetbrains.kotlin.fir.resolve.transformers.body.resolve.FirDeclarationsResolveTransformer.access$transformFunctionWithGivenSignature(FirDeclarationsResolveTransformer.kt:70)
	at org.jetbrains.kotlin.fir.resolve.transformers.body.resolve.FirDeclarationsResolveTransformer.transformNamedFunction$lambda$0$0$0(FirDeclarationsResolveTransformer.kt:1023)
	at org.jetbrains.kotlin.fir.resolve.transformers.body.resolve.BodyResolveContext.withParameters(BodyResolveContext.kt:1526)
	at org.jetbrains.kotlin.fir.resolve.transformers.body.resolve.BodyResolveContext.forFunctionBody(BodyResolveContext.kt:849)
	at org.jetbrains.kotlin.fir.resolve.transformers.body.resolve.FirDeclarationsResolveTransformer.transformNamedFunction(FirDeclarationsResolveTransformer.kt:1021)
	at org.jetbrains.kotlin.fir.resolve.transformers.body.resolve.FirAbstractBodyResolveTransformerDispatcher.transformNamedFunction(FirAbstractBodyResolveTransformerDispatcher.kt:588)
	at org.jetbrains.kotlin.fir.resolve.transformers.body.resolve.FirImplicitAwareBodyResolveTransformer.transformNamedFunction$lambda$0(FirImplicitBodyResolve.kt:154)
	at org.jetbrains.kotlin.fir.resolve.transformers.body.resolve.FirImplicitAwareBodyResolveTransformer.computeCachedTransformationResult(FirImplicitBodyResolve.kt:169)
	at org.jetbrains.kotlin.fir.resolve.transformers.body.resolve.FirImplicitAwareBodyResolveTransformer.transformNamedFunction(FirImplicitBodyResolve.kt:153)
	at org.jetbrains.kotlin.fir.resolve.transformers.body.resolve.FirImplicitAwareBodyResolveTransformer.transformNamedFunction(FirImplicitBodyResolve.kt:116)
	at org.jetbrains.kotlin.fir.declarations.FirNamedFunction.transform(FirNamedFunction.kt:75)
	at org.jetbrains.kotlin.fir.expressions.FirExpressionUtilKt.transformStatementsIndexed(FirExpressionUtil.kt:231)
	at org.jetbrains.kotlin.fir.resolve.transformers.body.resolve.FirExpressionsResolveTransformer.transformBlockInCurrentScope$resolve(FirExpressionsResolveTransformer.kt:755)
	at org.jetbrains.kotlin.fir.resolve.transformers.body.resolve.FirExpressionsResolveTransformer.transformBlock(FirExpressionsResolveTransformer.kt:746)
	at org.jetbrains.kotlin.fir.resolve.transformers.body.resolve.FirAbstractBodyResolveTransformerDispatcher.transformBlock(FirAbstractBodyResolveTransformerDispatcher.kt:236)
	at org.jetbrains.kotlin.fir.resolve.transformers.body.resolve.FirAbstractBodyResolveTransformerDispatcher.transformBlock(FirAbstractBodyResolveTransformerDispatcher.kt:27)
	at org.jetbrains.kotlin.fir.expressions.FirBlock.transform(FirBlock.kt:33)
	at org.jetbrains.kotlin.fir.expressions.impl.FirRegularWhenBranch.transformResult(FirRegularWhenBranch.kt:46)
	at org.jetbrains.kotlin.fir.expressions.impl.FirRegularWhenBranch.transformResult(FirRegularWhenBranch.kt:20)
	at org.jetbrains.kotlin.fir.resolve.transformers.body.resolve.FirControlFlowStatementsResolveTransformer.transformWhenBranch(FirControlFlowStatementsResolveTransformer.kt:127)
	at org.jetbrains.kotlin.fir.resolve.transformers.body.resolve.FirAbstractBodyResolveTransformerDispatcher.transformWhenBranch(FirAbstractBodyResolveTransformerDispatcher.kt:706)
	at org.jetbrains.kotlin.fir.resolve.transformers.body.resolve.FirAbstractBodyResolveTransformerDispatcher.transformWhenBranch(FirAbstractBodyResolveTransformerDispatcher.kt:27)
	at org.jetbrains.kotlin.fir.expressions.FirWhenBranch.transform(FirWhenBranch.kt:31)
	at org.jetbrains.kotlin.fir.visitors.FirTransformerUtilKt.transformInplace(FirTransformerUtil.kt:20)
	at org.jetbrains.kotlin.fir.expressions.impl.FirWhenExpressionImpl.transformBranches(FirWhenExpressionImpl.kt:68)
	at org.jetbrains.kotlin.fir.expressions.impl.FirWhenExpressionImpl.transformBranches(FirWhenExpressionImpl.kt:24)
	at org.jetbrains.kotlin.fir.resolve.transformers.body.resolve.FirControlFlowStatementsResolveTransformer.transformWhenExpression$lambda$1(FirControlFlowStatementsResolveTransformer.kt:79)
	at org.jetbrains.kotlin.fir.resolve.transformers.body.resolve.BodyResolveContext.withWhenExpression(BodyResolveContext.kt:1125)
	at org.jetbrains.kotlin.fir.resolve.transformers.body.resolve.FirControlFlowStatementsResolveTransformer.transformWhenExpression(FirControlFlowStatementsResolveTransformer.kt:59)
	at org.jetbrains.kotlin.fir.resolve.transformers.body.resolve.FirAbstractBodyResolveTransformerDispatcher.transformWhenExpression(FirAbstractBodyResolveTransformerDispatcher.kt:697)
	at org.jetbrains.kotlin.fir.resolve.transformers.body.resolve.FirAbstractBodyResolveTransformerDispatcher.transformWhenExpression(FirAbstractBodyResolveTransformerDispatcher.kt:27)
	at org.jetbrains.kotlin.fir.expressions.FirWhenExpression.transform(FirWhenExpression.kt:38)
	at org.jetbrains.kotlin.fir.expressions.FirExpressionUtilKt.transformStatementsIndexed(FirExpressionUtil.kt:231)
	at org.jetbrains.kotlin.fir.resolve.transformers.body.resolve.FirExpressionsResolveTransformer.transformBlockInCurrentScope$resolve(FirExpressionsResolveTransformer.kt:755)
	at org.jetbrains.kotlin.fir.resolve.transformers.body.resolve.FirExpressionsResolveTransformer.transformBlock(FirExpressionsResolveTransformer.kt:746)
	at org.jetbrains.kotlin.fir.resolve.transformers.body.resolve.FirAbstractBodyResolveTransformerDispatcher.transformBlock(FirAbstractBodyResolveTransformerDispatcher.kt:236)
	at org.jetbrains.kotlin.fir.resolve.transformers.body.resolve.FirAbstractBodyResolveTransformerDispatcher.transformBlock(FirAbstractBodyResolveTransformerDispatcher.kt:27)
	at org.jetbrains.kotlin.fir.expressions.FirBlock.transform(FirBlock.kt:33)
	at org.jetbrains.kotlin.fir.resolve.transformers.body.resolve.FirPartialBodyResolveTransformer.transformElement(FirPartialBodyResolveTransformer.kt:36)
	at org.jetbrains.kotlin.fir.resolve.transformers.body.resolve.FirPartialBodyResolveTransformer.transformElement(FirPartialBodyResolveTransformer.kt:13)
	at org.jetbrains.kotlin.fir.visitors.FirTransformer.transformBlock(FirTransformer.kt:183)
	at org.jetbrains.kotlin.fir.expressions.FirBlock.transform(FirBlock.kt:33)
	at org.jetbrains.kotlin.fir.declarations.impl.FirAnonymousFunctionImpl.transformBody(FirAnonymousFunctionImpl.kt:134)
	at org.jetbrains.kotlin.fir.declarations.impl.FirAnonymousFunctionImpl.transformBody(FirAnonymousFunctionImpl.kt:33)
	at org.jetbrains.kotlin.fir.resolve.transformers.body.resolve.FirDeclarationsResolveTransformer.transformFunctionContent(FirDeclarationsResolveTransformer.kt:1110)
	at org.jetbrains.kotlin.fir.resolve.transformers.body.resolve.FirDeclarationsResolveTransformer.transformAnonymousFunctionBody$lambda$0(FirDeclarationsResolveTransformer.kt:1533)
	at org.jetbrains.kotlin.fir.resolve.transformers.body.resolve.BodyResolveContext.withAnonymousFunction(BodyResolveContext.kt:905)
	at org.jetbrains.kotlin.fir.resolve.transformers.body.resolve.FirDeclarationsResolveTransformer.transformAnonymousFunctionBody(FirDeclarationsResolveTransformer.kt:1523)
	at org.jetbrains.kotlin.fir.resolve.transformers.body.resolve.FirDeclarationsResolveTransformer.doTransformAnonymousFunctionBodyFromCallCompletion$resolve(FirDeclarationsResolveTransformer.kt:1513)
	at org.jetbrains.kotlin.fir.resolve.inference.FirCallCompleter$LambdaAnalyzerImpl.analyzeAndGetLambdaReturnArguments$lambda$5$2(FirCallCompleter.kt:485)
	at org.jetbrains.kotlin.fir.resolve.inference.FirPCLAInferenceSession.runWithSpecifiedCurrentCommonSystem(FirPCLAInferenceSession.kt:108)
	at org.jetbrains.kotlin.fir.resolve.inference.FirPCLAInferenceSession.runLambdaCompletion(FirPCLAInferenceSession.kt:99)
	at org.jetbrains.kotlin.fir.resolve.inference.FirCallCompleter$LambdaAnalyzerImpl.analyzeAndGetLambdaReturnArguments(FirCallCompleter.kt:484)
	at org.jetbrains.kotlin.fir.resolve.inference.PostponedArgumentsAnalyzer.analyzeLambda(PostponedArgumentsAnalyzer.kt:322)
	at org.jetbrains.kotlin.fir.resolve.inference.PostponedArgumentsAnalyzer.analyzeLambda$default(PostponedArgumentsAnalyzer.kt:268)
	at org.jetbrains.kotlin.fir.resolve.inference.PostponedArgumentsAnalyzer.analyze(PostponedArgumentsAnalyzer.kt:80)
	at org.jetbrains.kotlin.fir.resolve.inference.FirCallCompleter.runCompletionForCall$lambda$0(FirCallCompleter.kt:311)
	at org.jetbrains.kotlin.fir.resolve.inference.ConstraintSystemCompleter.runCompletion$lambda$0(ConstraintSystemCompleter.kt:79)
	at org.jetbrains.kotlin.resolve.calls.inference.components.ConstraintSystemCompletionContext.analyzeArgumentWithFixedParameterTypes(ConstraintSystemCompletionContext.kt:50)
	at org.jetbrains.kotlin.fir.resolve.inference.ConstraintSystemCompleter.runCompletion(ConstraintSystemCompleter.kt:78)
	at org.jetbrains.kotlin.fir.resolve.inference.ConstraintSystemCompleter.complete(ConstraintSystemCompleter.kt:54)
	at org.jetbrains.kotlin.fir.resolve.inference.FirCallCompleter.runCompletionForCall(FirCallCompleter.kt:304)
	at org.jetbrains.kotlin.fir.resolve.inference.FirCallCompleter.completeCall(FirCallCompleter.kt:135)
	at org.jetbrains.kotlin.fir.resolve.transformers.body.resolve.FirExpressionsResolveTransformer.transformFunctionCallInternal$resolve(FirExpressionsResolveTransformer.kt:598)
	at org.jetbrains.kotlin.fir.resolve.transformers.body.resolve.FirExpressionsResolveTransformer.transformFunctionCall(FirExpressionsResolveTransformer.kt:521)
	at org.jetbrains.kotlin.fir.resolve.transformers.body.resolve.FirAbstractBodyResolveTransformerDispatcher.transformFunctionCall(FirAbstractBodyResolveTransformerDispatcher.kt:209)
	at org.jetbrains.kotlin.fir.resolve.transformers.body.resolve.FirAbstractBodyResolveTransformerDispatcher.transformFunctionCall(FirAbstractBodyResolveTransformerDispatcher.kt:27)
	at org.jetbrains.kotlin.fir.expressions.FirFunctionCall.transform(FirFunctionCall.kt:45)
	at org.jetbrains.kotlin.fir.expressions.FirExpressionUtilKt.transformStatementsIndexed(FirExpressionUtil.kt:231)
	at org.jetbrains.kotlin.fir.resolve.transformers.body.resolve.FirExpressionsResolveTransformer.transformBlockInCurrentScope$resolve(FirExpressionsResolveTransformer.kt:755)
	at org.jetbrains.kotlin.fir.resolve.transformers.body.resolve.FirExpressionsResolveTransformer.transformBlock(FirExpressionsResolveTransformer.kt:746)
	at org.jetbrains.kotlin.fir.resolve.transformers.body.resolve.FirAbstractBodyResolveTransformerDispatcher.transformBlock(FirAbstractBodyResolveTransformerDispatcher.kt:236)
	at org.jetbrains.kotlin.fir.resolve.transformers.body.resolve.FirAbstractBodyResolveTransformerDispatcher.transformBlock(FirAbstractBodyResolveTransformerDispatcher.kt:27)
	at org.jetbrains.kotlin.fir.expressions.FirBlock.transform(FirBlock.kt:33)
	at org.jetbrains.kotlin.fir.resolve.transformers.body.resolve.FirPartialBodyResolveTransformer.transformElement(FirPartialBodyResolveTransformer.kt:36)
	at org.jetbrains.kotlin.fir.resolve.transformers.body.resolve.FirPartialBodyResolveTransformer.transformElement(FirPartialBodyResolveTransformer.kt:13)
	at org.jetbrains.kotlin.fir.visitors.FirTransformer.transformBlock(FirTransformer.kt:183)
	at org.jetbrains.kotlin.fir.expressions.FirBlock.transform(FirBlock.kt:33)
	at org.jetbrains.kotlin.fir.declarations.impl.FirNamedFunctionImpl.transformBody(FirNamedFunctionImpl.kt:117)
	at org.jetbrains.kotlin.fir.declarations.impl.FirNamedFunctionImpl.transformBody(FirNamedFunctionImpl.kt:32)
	at org.jetbrains.kotlin.fir.resolve.transformers.body.resolve.FirDeclarationsResolveTransformer.transformFunctionContent(FirDeclarationsResolveTransformer.kt:1110)
	at org.jetbrains.kotlin.fir.resolve.transformers.body.resolve.FirDeclarationsResolveTransformer.transformFunctionWithGivenSignature(FirDeclarationsResolveTransformer.kt:1031)
	at org.jetbrains.kotlin.fir.resolve.transformers.body.resolve.FirDeclarationsResolveTransformer.access$transformFunctionWithGivenSignature(FirDeclarationsResolveTransformer.kt:70)
	at org.jetbrains.kotlin.fir.resolve.transformers.body.resolve.FirDeclarationsResolveTransformer.transformNamedFunction$lambda$0$0$0(FirDeclarationsResolveTransformer.kt:1023)
	at org.jetbrains.kotlin.fir.resolve.transformers.body.resolve.BodyResolveContext.withParameters(BodyResolveContext.kt:1526)
	at org.jetbrains.kotlin.fir.resolve.transformers.body.resolve.BodyResolveContext.forFunctionBody(BodyResolveContext.kt:849)
	at org.jetbrains.kotlin.fir.resolve.transformers.body.resolve.FirDeclarationsResolveTransformer.transformNamedFunction(FirDeclarationsResolveTransformer.kt:1021)
	at org.jetbrains.kotlin.fir.resolve.transformers.body.resolve.FirAbstractBodyResolveTransformerDispatcher.transformNamedFunction(FirAbstractBodyResolveTransformerDispatcher.kt:588)
	at org.jetbrains.kotlin.fir.resolve.transformers.body.resolve.FirImplicitAwareBodyResolveTransformer.transformNamedFunction$lambda$0(FirImplicitBodyResolve.kt:154)
	at org.jetbrains.kotlin.fir.resolve.transformers.body.resolve.FirImplicitAwareBodyResolveTransformer.computeCachedTransformationResult(FirImplicitBodyResolve.kt:169)
	at org.jetbrains.kotlin.fir.resolve.transformers.body.resolve.FirImplicitAwareBodyResolveTransformer.transformNamedFunction(FirImplicitBodyResolve.kt:153)
	at org.jetbrains.kotlin.fir.resolve.transformers.body.resolve.FirImplicitAwareBodyResolveTransformer.transformNamedFunction(FirImplicitBodyResolve.kt:116)
	at org.jetbrains.kotlin.fir.declarations.FirNamedFunction.transform(FirNamedFunction.kt:75)
	at org.jetbrains.kotlin.fir.expressions.FirExpressionUtilKt.transformStatementsIndexed(FirExpressionUtil.kt:231)
	at org.jetbrains.kotlin.fir.resolve.transformers.body.resolve.FirExpressionsResolveTransformer.transformBlockInCurrentScope$resolve(FirExpressionsResolveTransformer.kt:755)
	at org.jetbrains.kotlin.fir.resolve.transformers.body.resolve.FirExpressionsResolveTransformer.transformBlock(FirExpressionsResolveTransformer.kt:746)
	at org.jetbrains.kotlin.fir.resolve.transformers.body.resolve.FirAbstractBodyResolveTransformerDispatcher.transformBlock(FirAbstractBodyResolveTransformerDispatcher.kt:236)
	at org.jetbrains.kotlin.fir.resolve.transformers.body.resolve.FirAbstractBodyResolveTransformerDispatcher.transformBlock(FirAbstractBodyResolveTransformerDispatcher.kt:27)
	at org.jetbrains.kotlin.fir.expressions.FirBlock.transform(FirBlock.kt:33)
	at org.jetbrains.kotlin.fir.resolve.transformers.body.resolve.FirPartialBodyResolveTransformer.transformElement(FirPartialBodyResolveTransformer.kt:36)
	at org.jetbrains.kotlin.fir.resolve.transformers.body.resolve.FirPartialBodyResolveTransformer.transformElement(FirPartialBodyResolveTransformer.kt:13)
	at org.jetbrains.kotlin.fir.visitors.FirTransformer.transformBlock(FirTransformer.kt:183)
	at org.jetbrains.kotlin.fir.expressions.FirBlock.transform(FirBlock.kt:33)
	at org.jetbrains.kotlin.fir.declarations.impl.FirAnonymousFunctionImpl.transformBody(FirAnonymousFunctionImpl.kt:134)
	at org.jetbrains.kotlin.fir.declarations.impl.FirAnonymousFunctionImpl.transformBody(FirAnonymousFunctionImpl.kt:33)
	at org.jetbrains.kotlin.fir.resolve.transformers.body.resolve.FirDeclarationsResolveTransformer.transformFunctionContent(FirDeclarationsResolveTransformer.kt:1110)
	at org.jetbrains.kotlin.fir.resolve.transformers.body.resolve.FirDeclarationsResolveTransformer.transformAnonymousFunctionBody$lambda$0(FirDeclarationsResolveTransformer.kt:1533)
	at org.jetbrains.kotlin.fir.resolve.transformers.body.resolve.BodyResolveContext.withAnonymousFunction(BodyResolveContext.kt:905)
	at org.jetbrains.kotlin.fir.resolve.transformers.body.resolve.FirDeclarationsResolveTransformer.transformAnonymousFunctionBody(FirDeclarationsResolveTransformer.kt:1523)
	at org.jetbrains.kotlin.fir.resolve.transformers.body.resolve.FirDeclarationsResolveTransformer.doTransformAnonymousFunctionBodyFromCallCompletion$resolve(FirDeclarationsResolveTransformer.kt:1510)
	at org.jetbrains.kotlin.fir.resolve.inference.FirCallCompleter$LambdaAnalyzerImpl.analyzeAndGetLambdaReturnArguments$lambda$5$2(FirCallCompleter.kt:485)
	at org.jetbrains.kotlin.fir.resolve.inference.FirPCLAInferenceSession.runWithSpecifiedCurrentCommonSystem(FirPCLAInferenceSession.kt:108)
	at org.jetbrains.kotlin.fir.resolve.inference.FirPCLAInferenceSession.runLambdaCompletion(FirPCLAInferenceSession.kt:99)
	at org.jetbrains.kotlin.fir.resolve.inference.FirCallCompleter$LambdaAnalyzerImpl.analyzeAndGetLambdaReturnArguments(FirCallCompleter.kt:484)
	at org.jetbrains.kotlin.fir.resolve.inference.PostponedArgumentsAnalyzer.analyzeLambda(PostponedArgumentsAnalyzer.kt:322)
	at org.jetbrains.kotlin.fir.resolve.inference.PostponedArgumentsAnalyzer.analyzeLambda$default(PostponedArgumentsAnalyzer.kt:268)
	at org.jetbrains.kotlin.fir.resolve.inference.PostponedArgumentsAnalyzer.analyze(PostponedArgumentsAnalyzer.kt:80)
	at org.jetbrains.kotlin.fir.resolve.inference.FirCallCompleter.runCompletionForCall$lambda$0(FirCallCompleter.kt:311)
	at org.jetbrains.kotlin.fir.resolve.inference.ConstraintSystemCompleter.runCompletion$lambda$0(ConstraintSystemCompleter.kt:79)
	at org.jetbrains.kotlin.resolve.calls.inference.components.ConstraintSystemCompletionContext.analyzeArgumentWithFixedParameterTypes(ConstraintSystemCompletionContext.kt:50)
	at org.jetbrains.kotlin.fir.resolve.inference.ConstraintSystemCompleter.runCompletion(ConstraintSystemCompleter.kt:78)
	at org.jetbrains.kotlin.fir.resolve.inference.ConstraintSystemCompleter.complete(ConstraintSystemCompleter.kt:54)
	at org.jetbrains.kotlin.fir.resolve.inference.FirCallCompleter.runCompletionForCall(FirCallCompleter.kt:304)
	at org.jetbrains.kotlin.fir.resolve.inference.FirCallCompleter.completeCall(FirCallCompleter.kt:135)
	at org.jetbrains.kotlin.fir.resolve.inference.FirCallCompleter.completeCall$default(FirCallCompleter.kt:73)
	at org.jetbrains.kotlin.fir.resolve.transformers.FirSyntheticCallGenerator.resolveAnonymousFunctionExpressionWithSyntheticOuterCall(FirSyntheticCallGenerator.kt:346)
	at org.jetbrains.kotlin.fir.resolve.transformers.body.resolve.FirDeclarationsResolveTransformer.transformTopLevelAnonymousFunctionExpression(FirDeclarationsResolveTransformer.kt:1277)
	at org.jetbrains.kotlin.fir.resolve.transformers.body.resolve.FirDeclarationsResolveTransformer.transformAnonymousFunctionExpression(FirDeclarationsResolveTransformer.kt:1247)
	at org.jetbrains.kotlin.fir.resolve.transformers.body.resolve.FirAbstractBodyResolveTransformerDispatcher.transformAnonymousFunctionExpression(FirAbstractBodyResolveTransformerDispatcher.kt:642)
	at org.jetbrains.kotlin.fir.resolve.transformers.body.resolve.FirAbstractBodyResolveTransformerDispatcher.transformAnonymousFunctionExpression(FirAbstractBodyResolveTransformerDispatcher.kt:27)
	at org.jetbrains.kotlin.fir.expressions.FirAnonymousFunctionExpression.transform(FirAnonymousFunctionExpression.kt:34)
	at org.jetbrains.kotlin.fir.expressions.FirExpressionUtilKt.transformStatementsIndexed(FirExpressionUtil.kt:231)
	at org.jetbrains.kotlin.fir.resolve.transformers.body.resolve.FirExpressionsResolveTransformer.transformBlockInCurrentScope$resolve(FirExpressionsResolveTransformer.kt:755)
	at org.jetbrains.kotlin.fir.resolve.transformers.body.resolve.FirExpressionsResolveTransformer.transformBlock(FirExpressionsResolveTransformer.kt:746)
	at org.jetbrains.kotlin.fir.resolve.transformers.body.resolve.FirAbstractBodyResolveTransformerDispatcher.transformBlock(FirAbstractBodyResolveTransformerDispatcher.kt:236)
	at org.jetbrains.kotlin.fir.resolve.transformers.body.resolve.FirAbstractBodyResolveTransformerDispatcher.transformBlock(FirAbstractBodyResolveTransformerDispatcher.kt:27)
	at org.jetbrains.kotlin.fir.expressions.FirBlock.transform(FirBlock.kt:33)
	at org.jetbrains.kotlin.fir.expressions.impl.FirRegularWhenBranch.transformResult(FirRegularWhenBranch.kt:46)
	at org.jetbrains.kotlin.fir.expressions.impl.FirRegularWhenBranch.transformResult(FirRegularWhenBranch.kt:20)
	at org.jetbrains.kotlin.fir.resolve.transformers.body.resolve.FirControlFlowStatementsResolveTransformer.transformWhenBranch(FirControlFlowStatementsResolveTransformer.kt:127)
	at org.jetbrains.kotlin.fir.resolve.transformers.body.resolve.FirAbstractBodyResolveTransformerDispatcher.transformWhenBranch(FirAbstractBodyResolveTransformerDispatcher.kt:706)
	at org.jetbrains.kotlin.fir.resolve.transformers.body.resolve.FirAbstractBodyResolveTransformerDispatcher.transformWhenBranch(FirAbstractBodyResolveTransformerDispatcher.kt:27)
	at org.jetbrains.kotlin.fir.expressions.FirWhenBranch.transform(FirWhenBranch.kt:31)
	at org.jetbrains.kotlin.fir.visitors.FirTransformerUtilKt.transformInplace(FirTransformerUtil.kt:20)
	at org.jetbrains.kotlin.fir.expressions.impl.FirWhenExpressionImpl.transformBranches(FirWhenExpressionImpl.kt:68)
	at org.jetbrains.kotlin.fir.expressions.impl.FirWhenExpressionImpl.transformBranches(FirWhenExpressionImpl.kt:24)
	at org.jetbrains.kotlin.fir.resolve.transformers.body.resolve.FirControlFlowStatementsResolveTransformer.transformWhenExpression$lambda$1(FirControlFlowStatementsResolveTransformer.kt:79)
	at org.jetbrains.kotlin.fir.resolve.transformers.body.resolve.BodyResolveContext.withWhenExpression(BodyResolveContext.kt:1125)
	at org.jetbrains.kotlin.fir.resolve.transformers.body.resolve.FirControlFlowStatementsResolveTransformer.transformWhenExpression(FirControlFlowStatementsResolveTransformer.kt:59)
	at org.jetbrains.kotlin.fir.resolve.transformers.body.resolve.FirAbstractBodyResolveTransformerDispatcher.transformWhenExpression(FirAbstractBodyResolveTransformerDispatcher.kt:697)
	at org.jetbrains.kotlin.fir.resolve.transformers.body.resolve.FirAbstractBodyResolveTransformerDispatcher.transformWhenExpression(FirAbstractBodyResolveTransformerDispatcher.kt:27)
	at org.jetbrains.kotlin.fir.expressions.FirWhenExpression.transform(FirWhenExpression.kt:38)
	at org.jetbrains.kotlin.fir.expressions.FirExpressionUtilKt.transformStatementsIndexed(FirExpressionUtil.kt:231)
	at org.jetbrains.kotlin.fir.resolve.transformers.body.resolve.FirExpressionsResolveTransformer.transformBlockInCurrentScope$resolve(FirExpressionsResolveTransformer.kt:755)
	at org.jetbrains.kotlin.fir.resolve.transformers.body.resolve.FirExpressionsResolveTransformer.transformBlock(FirExpressionsResolveTransformer.kt:746)
	at org.jetbrains.kotlin.fir.resolve.transformers.body.resolve.FirAbstractBodyResolveTransformerDispatcher.transformBlock(FirAbstractBodyResolveTransformerDispatcher.kt:236)
	at org.jetbrains.kotlin.fir.resolve.transformers.body.resolve.FirAbstractBodyResolveTransformerDispatcher.transformBlock(FirAbstractBodyResolveTransformerDispatcher.kt:27)
	at org.jetbrains.kotlin.fir.expressions.FirBlock.transform(FirBlock.kt:33)
	at org.jetbrains.kotlin.fir.resolve.transformers.body.resolve.FirPartialBodyResolveTransformer.transformElement(FirPartialBodyResolveTransformer.kt:36)
	at org.jetbrains.kotlin.fir.resolve.transformers.body.resolve.FirPartialBodyResolveTransformer.transformElement(FirPartialBodyResolveTransformer.kt:13)
	at org.jetbrains.kotlin.fir.visitors.FirTransformer.transformBlock(FirTransformer.kt:183)
	at org.jetbrains.kotlin.fir.expressions.FirBlock.transform(FirBlock.kt:33)
	at org.jetbrains.kotlin.fir.declarations.impl.FirAnonymousFunctionImpl.transformBody(FirAnonymousFunctionImpl.kt:134)
	at org.jetbrains.kotlin.fir.declarations.impl.FirAnonymousFunctionImpl.transformBody(FirAnonymousFunctionImpl.kt:33)
	at org.jetbrains.kotlin.fir.resolve.transformers.body.resolve.FirDeclarationsResolveTransformer.transformFunctionContent(FirDeclarationsResolveTransformer.kt:1110)
	at org.jetbrains.kotlin.fir.resolve.transformers.body.resolve.FirDeclarationsResolveTransformer.transformAnonymousFunctionBody$lambda$0(FirDeclarationsResolveTransformer.kt:1533)
	at org.jetbrains.kotlin.fir.resolve.transformers.body.resolve.BodyResolveContext.withAnonymousFunction(BodyResolveContext.kt:905)
	at org.jetbrains.kotlin.fir.resolve.transformers.body.resolve.FirDeclarationsResolveTransformer.transformAnonymousFunctionBody(FirDeclarationsResolveTransformer.kt:1523)
	at org.jetbrains.kotlin.fir.resolve.transformers.body.resolve.FirDeclarationsResolveTransformer.doTransformAnonymousFunctionBodyFromCallCompletion$resolve(FirDeclarationsResolveTransformer.kt:1513)
	at org.jetbrains.kotlin.fir.resolve.inference.FirCallCompleter$LambdaAnalyzerImpl.analyzeAndGetLambdaReturnArguments$lambda$5$2(FirCallCompleter.kt:485)
	at org.jetbrains.kotlin.fir.resolve.inference.FirPCLAInferenceSession.runWithSpecifiedCurrentCommonSystem(FirPCLAInferenceSession.kt:108)
	at org.jetbrains.kotlin.fir.resolve.inference.FirPCLAInferenceSession.runLambdaCompletion(FirPCLAInferenceSession.kt:99)
	at org.jetbrains.kotlin.fir.resolve.inference.FirCallCompleter$LambdaAnalyzerImpl.analyzeAndGetLambdaReturnArguments(FirCallCompleter.kt:484)
	at org.jetbrains.kotlin.fir.resolve.inference.PostponedArgumentsAnalyzer.analyzeLambda(PostponedArgumentsAnalyzer.kt:322)
	at org.jetbrains.kotlin.fir.resolve.inference.PostponedArgumentsAnalyzer.analyzeLambda$default(PostponedArgumentsAnalyzer.kt:268)
	at org.jetbrains.kotlin.fir.resolve.inference.PostponedArgumentsAnalyzer.analyze(PostponedArgumentsAnalyzer.kt:80)
	at org.jetbrains.kotlin.fir.resolve.inference.FirCallCompleter.runCompletionForCall$lambda$0(FirCallCompleter.kt:311)
	at org.jetbrains.kotlin.fir.resolve.inference.ConstraintSystemCompleter.runCompletion$lambda$0(ConstraintSystemCompleter.kt:79)
	at org.jetbrains.kotlin.resolve.calls.inference.components.ConstraintSystemCompletionContext.analyzeArgumentWithFixedParameterTypes(ConstraintSystemCompletionContext.kt:50)
	at org.jetbrains.kotlin.fir.resolve.inference.ConstraintSystemCompleter.runCompletion(ConstraintSystemCompleter.kt:78)
	at org.jetbrains.kotlin.fir.resolve.inference.ConstraintSystemCompleter.complete(ConstraintSystemCompleter.kt:54)
	at org.jetbrains.kotlin.fir.resolve.inference.FirCallCompleter.runCompletionForCall(FirCallCompleter.kt:304)
	at org.jetbrains.kotlin.fir.resolve.inference.FirCallCompleter.completeCall(FirCallCompleter.kt:135)
	at org.jetbrains.kotlin.fir.resolve.transformers.body.resolve.FirExpressionsResolveTransformer.transformFunctionCallInternal$resolve(FirExpressionsResolveTransformer.kt:598)
	at org.jetbrains.kotlin.fir.resolve.transformers.body.resolve.FirExpressionsResolveTransformer.transformFunctionCall(FirExpressionsResolveTransformer.kt:521)
	at org.jetbrains.kotlin.fir.resolve.transformers.body.resolve.FirExpressionsResolveTransformer.transformFunctionCall(FirExpressionsResolveTransformer.kt:73)
	at org.jetbrains.kotlin.fir.expressions.FirFunctionCall.transform(FirFunctionCall.kt:45)
	at org.jetbrains.kotlin.fir.expressions.impl.FirSafeCallExpressionImpl.transformSelector(FirSafeCallExpressionImpl.kt:58)
	at org.jetbrains.kotlin.fir.expressions.impl.FirSafeCallExpressionImpl.transformSelector(FirSafeCallExpressionImpl.kt:23)
	at org.jetbrains.kotlin.fir.resolve.transformers.body.resolve.FirExpressionsResolveTransformer.transformSafeCallExpression(FirExpressionsResolveTransformer.kt:492)
	at org.jetbrains.kotlin.fir.resolve.transformers.body.resolve.FirAbstractBodyResolveTransformerDispatcher.transformSafeCallExpression(FirAbstractBodyResolveTransformerDispatcher.kt:424)
	at org.jetbrains.kotlin.fir.resolve.transformers.body.resolve.FirAbstractBodyResolveTransformerDispatcher.transformSafeCallExpression(FirAbstractBodyResolveTransformerDispatcher.kt:27)
	at org.jetbrains.kotlin.fir.expressions.FirSafeCallExpression.transform(FirSafeCallExpression.kt:35)
	at org.jetbrains.kotlin.fir.expressions.FirExpressionUtilKt.transformStatementsIndexed(FirExpressionUtil.kt:231)
	at org.jetbrains.kotlin.fir.resolve.transformers.body.resolve.FirExpressionsResolveTransformer.transformBlockInCurrentScope$resolve(FirExpressionsResolveTransformer.kt:755)
	at org.jetbrains.kotlin.fir.resolve.transformers.body.resolve.FirExpressionsResolveTransformer.transformBlock(FirExpressionsResolveTransformer.kt:746)
	at org.jetbrains.kotlin.fir.resolve.transformers.body.resolve.FirAbstractBodyResolveTransformerDispatcher.transformBlock(FirAbstractBodyResolveTransformerDispatcher.kt:236)
	at org.jetbrains.kotlin.fir.resolve.transformers.body.resolve.FirAbstractBodyResolveTransformerDispatcher.transformBlock(FirAbstractBodyResolveTransformerDispatcher.kt:27)
	at org.jetbrains.kotlin.fir.expressions.FirBlock.transform(FirBlock.kt:33)
	at org.jetbrains.kotlin.fir.expressions.impl.FirRegularWhenBranch.transformResult(FirRegularWhenBranch.kt:46)
	at org.jetbrains.kotlin.fir.expressions.impl.FirRegularWhenBranch.transformResult(FirRegularWhenBranch.kt:20)
	at org.jetbrains.kotlin.fir.resolve.transformers.body.resolve.FirControlFlowStatementsResolveTransformer.transformWhenBranch(FirControlFlowStatementsResolveTransformer.kt:127)
	at org.jetbrains.kotlin.fir.resolve.transformers.body.resolve.FirAbstractBodyResolveTransformerDispatcher.transformWhenBranch(FirAbstractBodyResolveTransformerDispatcher.kt:706)
	at org.jetbrains.kotlin.fir.resolve.transformers.body.resolve.FirAbstractBodyResolveTransformerDispatcher.transformWhenBranch(FirAbstractBodyResolveTransformerDispatcher.kt:27)
	at org.jetbrains.kotlin.fir.expressions.FirWhenBranch.transform(FirWhenBranch.kt:31)
	at org.jetbrains.kotlin.fir.visitors.FirTransformerUtilKt.transformInplace(FirTransformerUtil.kt:20)
	at org.jetbrains.kotlin.fir.expressions.impl.FirWhenExpressionImpl.transformBranches(FirWhenExpressionImpl.kt:68)
	at org.jetbrains.kotlin.fir.expressions.impl.FirWhenExpressionImpl.transformBranches(FirWhenExpressionImpl.kt:24)
	at org.jetbrains.kotlin.fir.resolve.transformers.body.resolve.FirControlFlowStatementsResolveTransformer.transformWhenExpression$lambda$1(FirControlFlowStatementsResolveTransformer.kt:79)
	at org.jetbrains.kotlin.fir.resolve.transformers.body.resolve.BodyResolveContext.withWhenExpression(BodyResolveContext.kt:1125)
	at org.jetbrains.kotlin.fir.resolve.transformers.body.resolve.FirControlFlowStatementsResolveTransformer.transformWhenExpression(FirControlFlowStatementsResolveTransformer.kt:59)
	at org.jetbrains.kotlin.fir.resolve.transformers.body.resolve.FirAbstractBodyResolveTransformerDispatcher.transformWhenExpression(FirAbstractBodyResolveTransformerDispatcher.kt:697)
	at org.jetbrains.kotlin.fir.resolve.transformers.body.resolve.FirAbstractBodyResolveTransformerDispatcher.transformWhenExpression(FirAbstractBodyResolveTransformerDispatcher.kt:27)
	at org.jetbrains.kotlin.fir.expressions.FirWhenExpression.transform(FirWhenExpression.kt:38)
	at org.jetbrains.kotlin.fir.expressions.FirExpressionUtilKt.transformStatementsIndexed(FirExpressionUtil.kt:231)
	at org.jetbrains.kotlin.fir.resolve.transformers.body.resolve.FirExpressionsResolveTransformer.transformBlockInCurrentScope$resolve(FirExpressionsResolveTransformer.kt:755)
	at org.jetbrains.kotlin.fir.resolve.transformers.body.resolve.FirExpressionsResolveTransformer.transformBlock(FirExpressionsResolveTransformer.kt:746)
	at org.jetbrains.kotlin.fir.resolve.transformers.body.resolve.FirAbstractBodyResolveTransformerDispatcher.transformBlock(FirAbstractBodyResolveTransformerDispatcher.kt:236)
	at org.jetbrains.kotlin.fir.resolve.transformers.body.resolve.FirAbstractBodyResolveTransformerDispatcher.transformBlock(FirAbstractBodyResolveTransformerDispatcher.kt:27)
	at org.jetbrains.kotlin.fir.expressions.FirBlock.transform(FirBlock.kt:33)
	at org.jetbrains.kotlin.fir.resolve.transformers.body.resolve.FirPartialBodyResolveTransformer.transformElement(FirPartialBodyResolveTransformer.kt:36)
	at org.jetbrains.kotlin.fir.resolve.transformers.body.resolve.FirPartialBodyResolveTransformer.transformElement(FirPartialBodyResolveTransformer.kt:13)
	at org.jetbrains.kotlin.fir.visitors.FirTransformer.transformBlock(FirTransformer.kt:183)
	at org.jetbrains.kotlin.fir.expressions.FirBlock.transform(FirBlock.kt:33)
	at org.jetbrains.kotlin.fir.declarations.impl.FirAnonymousFunctionImpl.transformBody(FirAnonymousFunctionImpl.kt:134)
	at org.jetbrains.kotlin.fir.declarations.impl.FirAnonymousFunctionImpl.transformBody(FirAnonymousFunctionImpl.kt:33)
	at org.jetbrains.kotlin.fir.resolve.transformers.body.resolve.FirDeclarationsResolveTransformer.transformFunctionContent(FirDeclarationsResolveTransformer.kt:1110)
	at org.jetbrains.kotlin.fir.resolve.transformers.body.resolve.FirDeclarationsResolveTransformer.transformAnonymousFunctionBody$lambda$0(FirDeclarationsResolveTransformer.kt:1533)
	at org.jetbrains.kotlin.fir.resolve.transformers.body.resolve.BodyResolveContext.withAnonymousFunction(BodyResolveContext.kt:905)
	at org.jetbrains.kotlin.fir.resolve.transformers.body.resolve.FirDeclarationsResolveTransformer.transformAnonymousFunctionBody(FirDeclarationsResolveTransformer.kt:1523)
	at org.jetbrains.kotlin.fir.resolve.transformers.body.resolve.FirDeclarationsResolveTransformer.doTransformAnonymousFunctionBodyFromCallCompletion$resolve(FirDeclarationsResolveTransformer.kt:1513)
	at org.jetbrains.kotlin.fir.resolve.inference.FirCallCompleter$LambdaAnalyzerImpl.analyzeAndGetLambdaReturnArguments$lambda$5$2(FirCallCompleter.kt:485)
	at org.jetbrains.kotlin.fir.resolve.inference.FirPCLAInferenceSession.runWithSpecifiedCurrentCommonSystem(FirPCLAInferenceSession.kt:108)
	at org.jetbrains.kotlin.fir.resolve.inference.FirPCLAInferenceSession.runLambdaCompletion(FirPCLAInferenceSession.kt:99)
	at org.jetbrains.kotlin.fir.resolve.inference.FirCallCompleter$LambdaAnalyzerImpl.analyzeAndGetLambdaReturnArguments(FirCallCompleter.kt:484)
	at org.jetbrains.kotlin.fir.resolve.inference.PostponedArgumentsAnalyzer.analyzeLambda(PostponedArgumentsAnalyzer.kt:322)
	at org.jetbrains.kotlin.fir.resolve.inference.PostponedArgumentsAnalyzer.analyzeLambda$default(PostponedArgumentsAnalyzer.kt:268)
	at org.jetbrains.kotlin.fir.resolve.inference.PostponedArgumentsAnalyzer.analyze(PostponedArgumentsAnalyzer.kt:80)
	at org.jetbrains.kotlin.fir.resolve.inference.FirCallCompleter.runCompletionForCall$lambda$0(FirCallCompleter.kt:311)
	at org.jetbrains.kotlin.fir.resolve.inference.ConstraintSystemCompleter.runCompletion$lambda$0(ConstraintSystemCompleter.kt:79)
	at org.jetbrains.kotlin.resolve.calls.inference.components.ConstraintSystemCompletionContext.analyzeArgumentWithFixedParameterTypes(ConstraintSystemCompletionContext.kt:50)
	at org.jetbrains.kotlin.fir.resolve.inference.ConstraintSystemCompleter.runCompletion(ConstraintSystemCompleter.kt:78)
	at org.jetbrains.kotlin.fir.resolve.inference.ConstraintSystemCompleter.complete(ConstraintSystemCompleter.kt:54)
	at org.jetbrains.kotlin.fir.resolve.inference.FirCallCompleter.runCompletionForCall(FirCallCompleter.kt:304)
	at org.jetbrains.kotlin.fir.resolve.inference.FirCallCompleter.completeCall(FirCallCompleter.kt:135)
	at org.jetbrains.kotlin.fir.resolve.transformers.body.resolve.FirExpressionsResolveTransformer.transformFunctionCallInternal$resolve(FirExpressionsResolveTransformer.kt:598)
	at org.jetbrains.kotlin.fir.resolve.transformers.body.resolve.FirExpressionsResolveTransformer.transformFunctionCall(FirExpressionsResolveTransformer.kt:521)
	at org.jetbrains.kotlin.fir.resolve.transformers.body.resolve.FirAbstractBodyResolveTransformerDispatcher.transformFunctionCall(FirAbstractBodyResolveTransformerDispatcher.kt:209)
	at org.jetbrains.kotlin.fir.resolve.transformers.body.resolve.FirAbstractBodyResolveTransformerDispatcher.transformFunctionCall(FirAbstractBodyResolveTransformerDispatcher.kt:27)
	at org.jetbrains.kotlin.fir.expressions.FirFunctionCall.transform(FirFunctionCall.kt:45)
	at org.jetbrains.kotlin.fir.expressions.FirExpressionUtilKt.transformStatementsIndexed(FirExpressionUtil.kt:231)
	at org.jetbrains.kotlin.fir.resolve.transformers.body.resolve.FirExpressionsResolveTransformer.transformBlockInCurrentScope$resolve(FirExpressionsResolveTransformer.kt:755)
	at org.jetbrains.kotlin.fir.resolve.transformers.body.resolve.FirExpressionsResolveTransformer.transformBlock(FirExpressionsResolveTransformer.kt:746)
	at org.jetbrains.kotlin.fir.resolve.transformers.body.resolve.FirAbstractBodyResolveTransformerDispatcher.transformBlock(FirAbstractBodyResolveTransformerDispatcher.kt:236)
	at org.jetbrains.kotlin.fir.resolve.transformers.body.resolve.FirAbstractBodyResolveTransformerDispatcher.transformBlock(FirAbstractBodyResolveTransformerDispatcher.kt:27)
	at org.jetbrains.kotlin.fir.expressions.FirBlock.transform(FirBlock.kt:33)
	at org.jetbrains.kotlin.fir.resolve.transformers.body.resolve.FirPartialBodyResolveTransformer.transformElement(FirPartialBodyResolveTransformer.kt:36)
	at org.jetbrains.kotlin.fir.resolve.transformers.body.resolve.FirPartialBodyResolveTransformer.transformElement(FirPartialBodyResolveTransformer.kt:13)
	at org.jetbrains.kotlin.fir.visitors.FirTransformer.transformBlock(FirTransformer.kt:183)
	at org.jetbrains.kotlin.fir.expressions.FirBlock.transform(FirBlock.kt:33)
	at org.jetbrains.kotlin.fir.declarations.impl.FirNamedFunctionImpl.transformBody(FirNamedFunctionImpl.kt:117)
	at org.jetbrains.kotlin.fir.declarations.impl.FirNamedFunctionImpl.transformBody(FirNamedFunctionImpl.kt:32)
	at org.jetbrains.kotlin.fir.resolve.transformers.body.resolve.FirDeclarationsResolveTransformer.transformFunctionContent(FirDeclarationsResolveTransformer.kt:1110)
	at org.jetbrains.kotlin.fir.resolve.transformers.body.resolve.FirDeclarationsResolveTransformer.transformFunctionWithGivenSignature(FirDeclarationsResolveTransformer.kt:1031)
	at org.jetbrains.kotlin.fir.resolve.transformers.body.resolve.FirDeclarationsResolveTransformer.access$transformFunctionWithGivenSignature(FirDeclarationsResolveTransformer.kt:70)
	at org.jetbrains.kotlin.fir.resolve.transformers.body.resolve.FirDeclarationsResolveTransformer.transformNamedFunction$lambda$0$0$0(FirDeclarationsResolveTransformer.kt:1023)
	at org.jetbrains.kotlin.fir.resolve.transformers.body.resolve.BodyResolveContext.withParameters(BodyResolveContext.kt:1526)
	at org.jetbrains.kotlin.fir.resolve.transformers.body.resolve.BodyResolveContext.forFunctionBody(BodyResolveContext.kt:849)
	at org.jetbrains.kotlin.fir.resolve.transformers.body.resolve.FirDeclarationsResolveTransformer.transformNamedFunction(FirDeclarationsResolveTransformer.kt:1021)
	at org.jetbrains.kotlin.fir.resolve.transformers.body.resolve.FirAbstractBodyResolveTransformerDispatcher.transformNamedFunction(FirAbstractBodyResolveTransformerDispatcher.kt:588)
	at org.jetbrains.kotlin.fir.resolve.transformers.body.resolve.FirImplicitAwareBodyResolveTransformer.transformNamedFunction$lambda$0(FirImplicitBodyResolve.kt:154)
	at org.jetbrains.kotlin.fir.resolve.transformers.body.resolve.FirImplicitAwareBodyResolveTransformer.computeCachedTransformationResult(FirImplicitBodyResolve.kt:169)
	at org.jetbrains.kotlin.fir.resolve.transformers.body.resolve.FirImplicitAwareBodyResolveTransformer.transformNamedFunction(FirImplicitBodyResolve.kt:153)
	at org.jetbrains.kotlin.fir.resolve.transformers.body.resolve.FirImplicitAwareBodyResolveTransformer.transformNamedFunction(FirImplicitBodyResolve.kt:116)
	at org.jetbrains.kotlin.fir.declarations.FirNamedFunction.transform(FirNamedFunction.kt:75)
	at org.jetbrains.kotlin.fir.expressions.FirExpressionUtilKt.transformStatementsIndexed(FirExpressionUtil.kt:231)
	at org.jetbrains.kotlin.fir.resolve.transformers.body.resolve.FirExpressionsResolveTransformer.transformBlockInCurrentScope$resolve(FirExpressionsResolveTransformer.kt:755)
	at org.jetbrains.kotlin.fir.resolve.transformers.body.resolve.FirExpressionsResolveTransformer.transformBlock(FirExpressionsResolveTransformer.kt:746)
	at org.jetbrains.kotlin.fir.resolve.transformers.body.resolve.FirAbstractBodyResolveTransformerDispatcher.transformBlock(FirAbstractBodyResolveTransformerDispatcher.kt:236)
	at org.jetbrains.kotlin.fir.resolve.transformers.body.resolve.FirAbstractBodyResolveTransformerDispatcher.transformBlock(FirAbstractBodyResolveTransformerDispatcher.kt:27)
	at org.jetbrains.kotlin.fir.expressions.FirBlock.transform(FirBlock.kt:33)
	at org.jetbrains.kotlin.fir.resolve.transformers.body.resolve.FirPartialBodyResolveTransformer.transformElement(FirPartialBodyResolveTransformer.kt:36)
	at org.jetbrains.kotlin.fir.resolve.transformers.body.resolve.FirPartialBodyResolveTransformer.transformElement(FirPartialBodyResolveTransformer.kt:13)
	at org.jetbrains.kotlin.fir.visitors.FirTransformer.transformBlock(FirTransformer.kt:183)
	at org.jetbrains.kotlin.fir.expressions.FirBlock.transform(FirBlock.kt:33)
	at org.jetbrains.kotlin.fir.declarations.impl.FirAnonymousFunctionImpl.transformBody(FirAnonymousFunctionImpl.kt:134)
	at org.jetbrains.kotlin.fir.declarations.impl.FirAnonymousFunctionImpl.transformBody(FirAnonymousFunctionImpl.kt:33)
	at org.jetbrains.kotlin.fir.resolve.transformers.body.resolve.FirDeclarationsResolveTransformer.transformFunctionContent(FirDeclarationsResolveTransformer.kt:1110)
	at org.jetbrains.kotlin.fir.resolve.transformers.body.resolve.FirDeclarationsResolveTransformer.transformAnonymousFunctionBody$lambda$0(FirDeclarationsResolveTransformer.kt:1533)
	at org.jetbrains.kotlin.fir.resolve.transformers.body.resolve.BodyResolveContext.withAnonymousFunction(BodyResolveContext.kt:905)
	at org.jetbrains.kotlin.fir.resolve.transformers.body.resolve.FirDeclarationsResolveTransformer.transformAnonymousFunctionBody(FirDeclarationsResolveTransformer.kt:1523)
	at org.jetbrains.kotlin.fir.resolve.transformers.body.resolve.FirDeclarationsResolveTransformer.doTransformAnonymousFunctionBodyFromCallCompletion$resolve(FirDeclarationsResolveTransformer.kt:1513)
	at org.jetbrains.kotlin.fir.resolve.inference.FirCallCompleter$LambdaAnalyzerImpl.analyzeAndGetLambdaReturnArguments$lambda$5$2(FirCallCompleter.kt:485)
	at org.jetbrains.kotlin.fir.resolve.inference.FirPCLAInferenceSession.runWithSpecifiedCurrentCommonSystem(FirPCLAInferenceSession.kt:108)
	at org.jetbrains.kotlin.fir.resolve.inference.FirPCLAInferenceSession.runLambdaCompletion(FirPCLAInferenceSession.kt:99)
	at org.jetbrains.kotlin.fir.resolve.inference.FirCallCompleter$LambdaAnalyzerImpl.analyzeAndGetLambdaReturnArguments(FirCallCompleter.kt:484)
	at org.jetbrains.kotlin.fir.resolve.inference.PostponedArgumentsAnalyzer.analyzeLambda(PostponedArgumentsAnalyzer.kt:322)
	at org.jetbrains.kotlin.fir.resolve.inference.PostponedArgumentsAnalyzer.analyzeLambda$default(PostponedArgumentsAnalyzer.kt:268)
	at org.jetbrains.kotlin.fir.resolve.inference.PostponedArgumentsAnalyzer.analyze(PostponedArgumentsAnalyzer.kt:80)
	at org.jetbrains.kotlin.fir.resolve.inference.FirCallCompleter.runCompletionForCall$lambda$0(FirCallCompleter.kt:311)
	at org.jetbrains.kotlin.fir.resolve.inference.ConstraintSystemCompleter.runCompletion$lambda$0(ConstraintSystemCompleter.kt:79)
	at org.jetbrains.kotlin.resolve.calls.inference.components.ConstraintSystemCompletionContext.analyzeArgumentWithFixedParameterTypes(ConstraintSystemCompletionContext.kt:50)
	at org.jetbrains.kotlin.fir.resolve.inference.ConstraintSystemCompleter.runCompletion(ConstraintSystemCompleter.kt:78)
	at org.jetbrains.kotlin.fir.resolve.inference.ConstraintSystemCompleter.complete(ConstraintSystemCompleter.kt:54)
	at org.jetbrains.kotlin.fir.resolve.inference.FirCallCompleter.runCompletionForCall(FirCallCompleter.kt:304)
	at org.jetbrains.kotlin.fir.resolve.inference.FirCallCompleter.completeCall(FirCallCompleter.kt:135)
	at org.jetbrains.kotlin.fir.resolve.transformers.body.resolve.FirExpressionsResolveTransformer.transformFunctionCallInternal$resolve(FirExpressionsResolveTransformer.kt:598)
	at org.jetbrains.kotlin.fir.resolve.transformers.body.resolve.FirExpressionsResolveTransformer.transformFunctionCall(FirExpressionsResolveTransformer.kt:521)
	at org.jetbrains.kotlin.fir.resolve.transformers.body.resolve.FirAbstractBodyResolveTransformerDispatcher.transformFunctionCall(FirAbstractBodyResolveTransformerDispatcher.kt:209)
	at org.jetbrains.kotlin.fir.resolve.transformers.body.resolve.FirAbstractBodyResolveTransformerDispatcher.transformFunctionCall(FirAbstractBodyResolveTransformerDispatcher.kt:27)
	at org.jetbrains.kotlin.fir.expressions.FirFunctionCall.transform(FirFunctionCall.kt:45)
	at org.jetbrains.kotlin.fir.expressions.FirExpressionUtilKt.transformStatementsIndexed(FirExpressionUtil.kt:231)
	at org.jetbrains.kotlin.fir.resolve.transformers.body.resolve.FirExpressionsResolveTransformer.transformBlockInCurrentScope$resolve(FirExpressionsResolveTransformer.kt:755)
	at org.jetbrains.kotlin.fir.resolve.transformers.body.resolve.FirExpressionsResolveTransformer.transformBlock(FirExpressionsResolveTransformer.kt:746)
	at org.jetbrains.kotlin.fir.resolve.transformers.body.resolve.FirAbstractBodyResolveTransformerDispatcher.transformBlock(FirAbstractBodyResolveTransformerDispatcher.kt:236)
	at org.jetbrains.kotlin.fir.resolve.transformers.body.resolve.FirAbstractBodyResolveTransformerDispatcher.transformBlock(FirAbstractBodyResolveTransformerDispatcher.kt:27)
	at org.jetbrains.kotlin.fir.expressions.FirBlock.transform(FirBlock.kt:33)
	at org.jetbrains.kotlin.fir.resolve.transformers.body.resolve.FirPartialBodyResolveTransformer.transformElement(FirPartialBodyResolveTransformer.kt:36)
	at org.jetbrains.kotlin.fir.resolve.transformers.body.resolve.FirPartialBodyResolveTransformer.transformElement(FirPartialBodyResolveTransformer.kt:13)
	at org.jetbrains.kotlin.fir.visitors.FirTransformer.transformBlock(FirTransformer.kt:183)
	at org.jetbrains.kotlin.fir.expressions.FirBlock.transform(FirBlock.kt:33)
	at org.jetbrains.kotlin.fir.declarations.impl.FirNamedFunctionImpl.transformBody(FirNamedFunctionImpl.kt:117)
	at org.jetbrains.kotlin.fir.declarations.impl.FirNamedFunctionImpl.transformBody(FirNamedFunctionImpl.kt:32)
	at org.jetbrains.kotlin.fir.resolve.transformers.body.resolve.FirDeclarationsResolveTransformer.transformFunctionContent(FirDeclarationsResolveTransformer.kt:1110)
	at org.jetbrains.kotlin.fir.resolve.transformers.body.resolve.FirDeclarationsResolveTransformer.transformFunctionWithGivenSignature(FirDeclarationsResolveTransformer.kt:1031)
	at org.jetbrains.kotlin.fir.resolve.transformers.body.resolve.FirDeclarationsResolveTransformer.access$transformFunctionWithGivenSignature(FirDeclarationsResolveTransformer.kt:70)
	at org.jetbrains.kotlin.fir.resolve.transformers.body.resolve.FirDeclarationsResolveTransformer.transformNamedFunction$lambda$0$0$0(FirDeclarationsResolveTransformer.kt:1023)
	at org.jetbrains.kotlin.fir.resolve.transformers.body.resolve.BodyResolveContext.withParameters(BodyResolveContext.kt:1526)
	at org.jetbrains.kotlin.fir.resolve.transformers.body.resolve.BodyResolveContext.forFunctionBody(BodyResolveContext.kt:849)
	at org.jetbrains.kotlin.fir.resolve.transformers.body.resolve.FirDeclarationsResolveTransformer.transformNamedFunction(FirDeclarationsResolveTransformer.kt:1021)
	at org.jetbrains.kotlin.fir.resolve.transformers.body.resolve.FirAbstractBodyResolveTransformerDispatcher.transformNamedFunction(FirAbstractBodyResolveTransformerDispatcher.kt:588)
	at org.jetbrains.kotlin.fir.resolve.transformers.body.resolve.FirImplicitAwareBodyResolveTransformer.transformNamedFunction$lambda$0(FirImplicitBodyResolve.kt:154)
	at org.jetbrains.kotlin.fir.resolve.transformers.body.resolve.FirImplicitAwareBodyResolveTransformer.computeCachedTransformationResult(FirImplicitBodyResolve.kt:169)
	at org.jetbrains.kotlin.fir.resolve.transformers.body.resolve.FirImplicitAwareBodyResolveTransformer.transformNamedFunction(FirImplicitBodyResolve.kt:153)
	at org.jetbrains.kotlin.fir.resolve.transformers.body.resolve.FirImplicitAwareBodyResolveTransformer.transformNamedFunction(FirImplicitBodyResolve.kt:116)
	at org.jetbrains.kotlin.fir.declarations.FirNamedFunction.transform(FirNamedFunction.kt:75)
	at org.jetbrains.kotlin.fir.expressions.FirExpressionUtilKt.transformStatementsIndexed(FirExpressionUtil.kt:231)
	at org.jetbrains.kotlin.fir.resolve.transformers.body.resolve.FirExpressionsResolveTransformer.transformBlockInCurrentScope$resolve(FirExpressionsResolveTransformer.kt:755)
	at org.jetbrains.kotlin.fir.resolve.transformers.body.resolve.FirExpressionsResolveTransformer.transformBlock(FirExpressionsResolveTransformer.kt:746)
	at org.jetbrains.kotlin.fir.resolve.transformers.body.resolve.FirAbstractBodyResolveTransformerDispatcher.transformBlock(FirAbstractBodyResolveTransformerDispatcher.kt:236)
	at org.jetbrains.kotlin.fir.resolve.transformers.body.resolve.FirAbstractBodyResolveTransformerDispatcher.transformBlock(FirAbstractBodyResolveTransformerDispatcher.kt:27)
	at org.jetbrains.kotlin.fir.expressions.FirBlock.transform(FirBlock.kt:33)
	at org.jetbrains.kotlin.fir.resolve.transformers.body.resolve.FirPartialBodyResolveTransformer.transformElement(FirPartialBodyResolveTransformer.kt:36)
	at org.jetbrains.kotlin.fir.resolve.transformers.body.resolve.FirPartialBodyResolveTransformer.transformElement(FirPartialBodyResolveTransformer.kt:13)
	at org.jetbrains.kotlin.fir.visitors.FirTransformer.transformBlock(FirTransformer.kt:183)
	at org.jetbrains.kotlin.fir.expressions.FirBlock.transform(FirBlock.kt:33)
	at org.jetbrains.kotlin.fir.declarations.impl.FirAnonymousFunctionImpl.transformBody(FirAnonymousFunctionImpl.kt:134)
	at org.jetbrains.kotlin.fir.declarations.impl.FirAnonymousFunctionImpl.transformBody(FirAnonymousFunctionImpl.kt:33)
	at org.jetbrains.kotlin.fir.resolve.transformers.body.resolve.FirDeclarationsResolveTransformer.transformFunctionContent(FirDeclarationsResolveTransformer.kt:1110)
	at org.jetbrains.kotlin.fir.resolve.transformers.body.resolve.FirDeclarationsResolveTransformer.transformAnonymousFunctionBody$lambda$0(FirDeclarationsResolveTransformer.kt:1533)
	at org.jetbrains.kotlin.fir.resolve.transformers.body.resolve.BodyResolveContext.withAnonymousFunction(BodyResolveContext.kt:905)
	at org.jetbrains.kotlin.fir.resolve.transformers.body.resolve.FirDeclarationsResolveTransformer.transformAnonymousFunctionBody(FirDeclarationsResolveTransformer.kt:1523)
	at org.jetbrains.kotlin.fir.resolve.transformers.body.resolve.FirDeclarationsResolveTransformer.doTransformAnonymousFunctionBodyFromCallCompletion$resolve(FirDeclarationsResolveTransformer.kt:1513)
	at org.jetbrains.kotlin.fir.resolve.inference.FirCallCompleter$LambdaAnalyzerImpl.analyzeAndGetLambdaReturnArguments$lambda$5$2(FirCallCompleter.kt:485)
	at org.jetbrains.kotlin.fir.resolve.inference.FirPCLAInferenceSession.runWithSpecifiedCurrentCommonSystem(FirPCLAInferenceSession.kt:108)
	at org.jetbrains.kotlin.fir.resolve.inference.FirPCLAInferenceSession.runLambdaCompletion(FirPCLAInferenceSession.kt:99)
	at org.jetbrains.kotlin.fir.resolve.inference.FirCallCompleter$LambdaAnalyzerImpl.analyzeAndGetLambdaReturnArguments(FirCallCompleter.kt:484)
	at org.jetbrains.kotlin.fir.resolve.inference.PostponedArgumentsAnalyzer.analyzeLambda(PostponedArgumentsAnalyzer.kt:322)
	at org.jetbrains.kotlin.fir.resolve.inference.PostponedArgumentsAnalyzer.analyzeLambda$default(PostponedArgumentsAnalyzer.kt:268)
	at org.jetbrains.kotlin.fir.resolve.inference.PostponedArgumentsAnalyzer.analyze(PostponedArgumentsAnalyzer.kt:80)
	at org.jetbrains.kotlin.fir.resolve.inference.FirCallCompleter.runCompletionForCall$lambda$0(FirCallCompleter.kt:311)
	at org.jetbrains.kotlin.fir.resolve.inference.ConstraintSystemCompleter.runCompletion$lambda$0(ConstraintSystemCompleter.kt:79)
	at org.jetbrains.kotlin.resolve.calls.inference.components.ConstraintSystemCompletionContext.analyzeArgumentWithFixedParameterTypes(ConstraintSystemCompletionContext.kt:50)
	at org.jetbrains.kotlin.fir.resolve.inference.ConstraintSystemCompleter.runCompletion(ConstraintSystemCompleter.kt:78)
	at org.jetbrains.kotlin.fir.resolve.inference.ConstraintSystemCompleter.complete(ConstraintSystemCompleter.kt:54)
	at org.jetbrains.kotlin.fir.resolve.inference.FirCallCompleter.runCompletionForCall(FirCallCompleter.kt:304)
	at org.jetbrains.kotlin.fir.resolve.inference.FirCallCompleter.completeCall(FirCallCompleter.kt:135)
	at org.jetbrains.kotlin.fir.resolve.transformers.body.resolve.FirExpressionsResolveTransformer.transformFunctionCallInternal$resolve(FirExpressionsResolveTransformer.kt:598)
	at org.jetbrains.kotlin.fir.resolve.transformers.body.resolve.FirExpressionsResolveTransformer.transformFunctionCall(FirExpressionsResolveTransformer.kt:521)
	at org.jetbrains.kotlin.fir.resolve.transformers.body.resolve.FirAbstractBodyResolveTransformerDispatcher.transformFunctionCall(FirAbstractBodyResolveTransformerDispatcher.kt:209)
	at org.jetbrains.kotlin.fir.resolve.transformers.body.resolve.FirAbstractBodyResolveTransformerDispatcher.transformFunctionCall(FirAbstractBodyResolveTransformerDispatcher.kt:27)
	at org.jetbrains.kotlin.fir.expressions.FirFunctionCall.transform(FirFunctionCall.kt:45)
	at org.jetbrains.kotlin.fir.expressions.FirExpressionUtilKt.transformStatementsIndexed(FirExpressionUtil.kt:231)
	at org.jetbrains.kotlin.fir.resolve.transformers.body.resolve.FirExpressionsResolveTransformer.transformBlockInCurrentScope$resolve(FirExpressionsResolveTransformer.kt:755)
	at org.jetbrains.kotlin.fir.resolve.transformers.body.resolve.FirExpressionsResolveTransformer.transformBlock(FirExpressionsResolveTransformer.kt:746)
	at org.jetbrains.kotlin.fir.resolve.transformers.body.resolve.FirAbstractBodyResolveTransformerDispatcher.transformBlock(FirAbstractBodyResolveTransformerDispatcher.kt:236)
	at org.jetbrains.kotlin.fir.resolve.transformers.body.resolve.FirAbstractBodyResolveTransformerDispatcher.transformBlock(FirAbstractBodyResolveTransformerDispatcher.kt:27)
	at org.jetbrains.kotlin.fir.expressions.FirBlock.transform(FirBlock.kt:33)
	at org.jetbrains.kotlin.fir.resolve.transformers.body.resolve.FirPartialBodyResolveTransformer.transformElement(FirPartialBodyResolveTransformer.kt:36)
	at org.jetbrains.kotlin.fir.resolve.transformers.body.resolve.FirPartialBodyResolveTransformer.transformElement(FirPartialBodyResolveTransformer.kt:13)
	at org.jetbrains.kotlin.fir.visitors.FirTransformer.transformBlock(FirTransformer.kt:183)
	at org.jetbrains.kotlin.fir.expressions.FirBlock.transform(FirBlock.kt:33)
	at org.jetbrains.kotlin.fir.declarations.impl.FirAnonymousFunctionImpl.transformBody(FirAnonymousFunctionImpl.kt:134)
	at org.jetbrains.kotlin.fir.declarations.impl.FirAnonymousFunctionImpl.transformBody(FirAnonymousFunctionImpl.kt:33)
	at org.jetbrains.kotlin.fir.resolve.transformers.body.resolve.FirDeclarationsResolveTransformer.transformFunctionContent(FirDeclarationsResolveTransformer.kt:1110)
	at org.jetbrains.kotlin.fir.resolve.transformers.body.resolve.FirDeclarationsResolveTransformer.transformAnonymousFunctionBody$lambda$0(FirDeclarationsResolveTransformer.kt:1533)
	at org.jetbrains.kotlin.fir.resolve.transformers.body.resolve.BodyResolveContext.withAnonymousFunction(BodyResolveContext.kt:905)
	at org.jetbrains.kotlin.fir.resolve.transformers.body.resolve.FirDeclarationsResolveTransformer.transformAnonymousFunctionBody(FirDeclarationsResolveTransformer.kt:1523)
	at org.jetbrains.kotlin.fir.resolve.transformers.body.resolve.FirDeclarationsResolveTransformer.doTransformAnonymousFunctionBodyFromCallCompletion$resolve(FirDeclarationsResolveTransformer.kt:1510)
	at org.jetbrains.kotlin.fir.resolve.inference.FirCallCompleter$LambdaAnalyzerImpl.analyzeAndGetLambdaReturnArguments$lambda$5$2(FirCallCompleter.kt:485)
	at org.jetbrains.kotlin.fir.resolve.inference.FirPCLAInferenceSession.runWithSpecifiedCurrentCommonSystem(FirPCLAInferenceSession.kt:108)
	at org.jetbrains.kotlin.fir.resolve.inference.FirPCLAInferenceSession.runLambdaCompletion(FirPCLAInferenceSession.kt:99)
	at org.jetbrains.kotlin.fir.resolve.inference.FirCallCompleter$LambdaAnalyzerImpl.analyzeAndGetLambdaReturnArguments(FirCallCompleter.kt:484)
	at org.jetbrains.kotlin.fir.resolve.inference.PostponedArgumentsAnalyzer.analyzeLambda(PostponedArgumentsAnalyzer.kt:322)
	at org.jetbrains.kotlin.fir.resolve.inference.PostponedArgumentsAnalyzer.analyzeLambda$default(PostponedArgumentsAnalyzer.kt:268)
	at org.jetbrains.kotlin.fir.resolve.inference.PostponedArgumentsAnalyzer.analyze(PostponedArgumentsAnalyzer.kt:80)
	at org.jetbrains.kotlin.fir.resolve.inference.FirCallCompleter.runCompletionForCall$lambda$0(FirCallCompleter.kt:311)
	at org.jetbrains.kotlin.fir.resolve.inference.ConstraintSystemCompleter.runCompletion$lambda$0(ConstraintSystemCompleter.kt:79)
	at org.jetbrains.kotlin.resolve.calls.inference.components.ConstraintSystemCompletionContext.analyzeArgumentWithFixedParameterTypes(ConstraintSystemCompletionContext.kt:50)
	at org.jetbrains.kotlin.fir.resolve.inference.ConstraintSystemCompleter.runCompletion(ConstraintSystemCompleter.kt:78)
	at org.jetbrains.kotlin.fir.resolve.inference.ConstraintSystemCompleter.complete(ConstraintSystemCompleter.kt:54)
	at org.jetbrains.kotlin.fir.resolve.inference.FirCallCompleter.runCompletionForCall(FirCallCompleter.kt:304)
	at org.jetbrains.kotlin.fir.resolve.inference.FirCallCompleter.completeCall(FirCallCompleter.kt:135)
	at org.jetbrains.kotlin.fir.resolve.transformers.body.resolve.FirExpressionsResolveTransformer.transformFunctionCallInternal$resolve(FirExpressionsResolveTransformer.kt:598)
	at org.jetbrains.kotlin.fir.resolve.transformers.body.resolve.FirExpressionsResolveTransformer.transformFunctionCall(FirExpressionsResolveTransformer.kt:521)
	at org.jetbrains.kotlin.fir.resolve.transformers.body.resolve.FirExpressionsResolveTransformer.transformFunctionCall(FirExpressionsResolveTransformer.kt:73)
	at org.jetbrains.kotlin.fir.expressions.FirFunctionCall.transform(FirFunctionCall.kt:45)
	at org.jetbrains.kotlin.fir.expressions.impl.FirSafeCallExpressionImpl.transformSelector(FirSafeCallExpressionImpl.kt:58)
	at org.jetbrains.kotlin.fir.expressions.impl.FirSafeCallExpressionImpl.transformSelector(FirSafeCallExpressionImpl.kt:23)
	at org.jetbrains.kotlin.fir.resolve.transformers.body.resolve.FirExpressionsResolveTransformer.transformSafeCallExpression(FirExpressionsResolveTransformer.kt:492)
	at org.jetbrains.kotlin.fir.resolve.transformers.body.resolve.FirAbstractBodyResolveTransformerDispatcher.transformSafeCallExpression(FirAbstractBodyResolveTransformerDispatcher.kt:424)
	at org.jetbrains.kotlin.fir.resolve.transformers.body.resolve.FirAbstractBodyResolveTransformerDispatcher.transformSafeCallExpression(FirAbstractBodyResolveTransformerDispatcher.kt:27)
	at org.jetbrains.kotlin.fir.expressions.FirSafeCallExpression.transform(FirSafeCallExpression.kt:35)
	at org.jetbrains.kotlin.fir.expressions.FirExpressionUtilKt.transformStatementsIndexed(FirExpressionUtil.kt:231)
	at org.jetbrains.kotlin.fir.resolve.transformers.body.resolve.FirExpressionsResolveTransformer.transformBlockInCurrentScope$resolve(FirExpressionsResolveTransformer.kt:755)
	at org.jetbrains.kotlin.fir.resolve.transformers.body.resolve.FirExpressionsResolveTransformer.transformBlock(FirExpressionsResolveTransformer.kt:746)
	at org.jetbrains.kotlin.fir.resolve.transformers.body.resolve.FirAbstractBodyResolveTransformerDispatcher.transformBlock(FirAbstractBodyResolveTransformerDispatcher.kt:236)
	at org.jetbrains.kotlin.fir.resolve.transformers.body.resolve.FirAbstractBodyResolveTransformerDispatcher.transformBlock(FirAbstractBodyResolveTransformerDispatcher.kt:27)
	at org.jetbrains.kotlin.fir.expressions.FirBlock.transform(FirBlock.kt:33)
	at org.jetbrains.kotlin.fir.resolve.transformers.body.resolve.FirPartialBodyResolveTransformer.transformElement(FirPartialBodyResolveTransformer.kt:36)
	at org.jetbrains.kotlin.fir.resolve.transformers.body.resolve.FirPartialBodyResolveTransformer.transformElement(FirPartialBodyResolveTransformer.kt:13)
	at org.jetbrains.kotlin.fir.visitors.FirTransformer.transformBlock(FirTransformer.kt:183)
	at org.jetbrains.kotlin.fir.expressions.FirBlock.transform(FirBlock.kt:33)
	at org.jetbrains.kotlin.fir.declarations.impl.FirNamedFunctionImpl.transformBody(FirNamedFunctionImpl.kt:117)
	at org.jetbrains.kotlin.fir.declarations.impl.FirNamedFunctionImpl.transformBody(FirNamedFunctionImpl.kt:32)
	at org.jetbrains.kotlin.fir.resolve.transformers.body.resolve.FirDeclarationsResolveTransformer.transformFunctionContent(FirDeclarationsResolveTransformer.kt:1110)
	at org.jetbrains.kotlin.fir.resolve.transformers.body.resolve.FirDeclarationsResolveTransformer.transformFunctionWithGivenSignature(FirDeclarationsResolveTransformer.kt:1031)
	at org.jetbrains.kotlin.fir.resolve.transformers.body.resolve.FirDeclarationsResolveTransformer.access$transformFunctionWithGivenSignature(FirDeclarationsResolveTransformer.kt:70)
	at org.jetbrains.kotlin.fir.resolve.transformers.body.resolve.FirDeclarationsResolveTransformer.transformNamedFunction$lambda$0$0$0(FirDeclarationsResolveTransformer.kt:1023)
	at org.jetbrains.kotlin.fir.resolve.transformers.body.resolve.BodyResolveContext.withParameters(BodyResolveContext.kt:1526)
	at org.jetbrains.kotlin.fir.resolve.transformers.body.resolve.BodyResolveContext.forFunctionBody(BodyResolveContext.kt:849)
	at org.jetbrains.kotlin.fir.resolve.transformers.body.resolve.FirDeclarationsResolveTransformer.transformNamedFunction(FirDeclarationsResolveTransformer.kt:1021)
	at org.jetbrains.kotlin.fir.resolve.transformers.body.resolve.FirAbstractBodyResolveTransformerDispatcher.transformNamedFunction(FirAbstractBodyResolveTransformerDispatcher.kt:588)
	at org.jetbrains.kotlin.fir.resolve.transformers.body.resolve.FirImplicitAwareBodyResolveTransformer.transformNamedFunction$lambda$0(FirImplicitBodyResolve.kt:154)
	at org.jetbrains.kotlin.fir.resolve.transformers.body.resolve.FirImplicitAwareBodyResolveTransformer.computeCachedTransformationResult(FirImplicitBodyResolve.kt:169)
	at org.jetbrains.kotlin.fir.resolve.transformers.body.resolve.FirImplicitAwareBodyResolveTransformer.transformNamedFunction(FirImplicitBodyResolve.kt:153)
	at org.jetbrains.kotlin.fir.resolve.transformers.body.resolve.FirImplicitAwareBodyResolveTransformer.transformNamedFunction(FirImplicitBodyResolve.kt:116)
	at org.jetbrains.kotlin.fir.declarations.FirNamedFunction.transform(FirNamedFunction.kt:75)
	at org.jetbrains.kotlin.fir.expressions.FirExpressionUtilKt.transformStatementsIndexed(FirExpressionUtil.kt:231)
	at org.jetbrains.kotlin.fir.resolve.transformers.body.resolve.FirExpressionsResolveTransformer.transformBlockInCurrentScope$resolve(FirExpressionsResolveTransformer.kt:755)
	at org.jetbrains.kotlin.fir.resolve.transformers.body.resolve.FirExpressionsResolveTransformer.transformBlock(FirExpressionsResolveTransformer.kt:746)
	at org.jetbrains.kotlin.fir.resolve.transformers.body.resolve.FirAbstractBodyResolveTransformerDispatcher.transformBlock(FirAbstractBodyResolveTransformerDispatcher.kt:236)
	at org.jetbrains.kotlin.fir.resolve.transformers.body.resolve.FirAbstractBodyResolveTransformerDispatcher.transformBlock(FirAbstractBodyResolveTransformerDispatcher.kt:27)
	at org.jetbrains.kotlin.fir.expressions.FirBlock.transform(FirBlock.kt:33)
	at org.jetbrains.kotlin.fir.resolve.transformers.body.resolve.FirPartialBodyResolveTransformer.transformElement(FirPartialBodyResolveTransformer.kt:36)
	at org.jetbrains.kotlin.fir.resolve.transformers.body.resolve.FirPartialBodyResolveTransformer.transformElement(FirPartialBodyResolveTransformer.kt:13)
	at org.jetbrains.kotlin.fir.visitors.FirTransformer.transformBlock(FirTransformer.kt:183)
	at org.jetbrains.kotlin.fir.expressions.FirBlock.transform(FirBlock.kt:33)
	at org.jetbrains.kotlin.fir.declarations.impl.FirAnonymousFunctionImpl.transformBody(FirAnonymousFunctionImpl.kt:134)
	at org.jetbrains.kotlin.fir.declarations.impl.FirAnonymousFunctionImpl.transformBody(FirAnonymousFunctionImpl.kt:33)
	at org.jetbrains.kotlin.fir.resolve.transformers.body.resolve.FirDeclarationsResolveTransformer.transformFunctionContent(FirDeclarationsResolveTransformer.kt:1110)
	at org.jetbrains.kotlin.fir.resolve.transformers.body.resolve.FirDeclarationsResolveTransformer.transformAnonymousFunctionBody$lambda$0(FirDeclarationsResolveTransformer.kt:1533)
	at org.jetbrains.kotlin.fir.resolve.transformers.body.resolve.BodyResolveContext.withAnonymousFunction(BodyResolveContext.kt:905)
	at org.jetbrains.kotlin.fir.resolve.transformers.body.resolve.FirDeclarationsResolveTransformer.transformAnonymousFunctionBody(FirDeclarationsResolveTransformer.kt:1523)
	at org.jetbrains.kotlin.fir.resolve.transformers.body.resolve.FirDeclarationsResolveTransformer.doTransformAnonymousFunctionBodyFromCallCompletion$resolve(FirDeclarationsResolveTransformer.kt:1510)
	at org.jetbrains.kotlin.fir.resolve.inference.FirCallCompleter$LambdaAnalyzerImpl.analyzeAndGetLambdaReturnArguments$lambda$5$2(FirCallCompleter.kt:485)
	at org.jetbrains.kotlin.fir.resolve.inference.FirPCLAInferenceSession.runWithSpecifiedCurrentCommonSystem(FirPCLAInferenceSession.kt:108)
	at org.jetbrains.kotlin.fir.resolve.inference.FirPCLAInferenceSession.runLambdaCompletion(FirPCLAInferenceSession.kt:99)
	at org.jetbrains.kotlin.fir.resolve.inference.FirCallCompleter$LambdaAnalyzerImpl.analyzeAndGetLambdaReturnArguments(FirCallCompleter.kt:484)
	at org.jetbrains.kotlin.fir.resolve.inference.PostponedArgumentsAnalyzer.analyzeLambda(PostponedArgumentsAnalyzer.kt:322)
	at org.jetbrains.kotlin.fir.resolve.inference.PostponedArgumentsAnalyzer.analyzeLambda$default(PostponedArgumentsAnalyzer.kt:268)
	at org.jetbrains.kotlin.fir.resolve.inference.PostponedArgumentsAnalyzer.analyze(PostponedArgumentsAnalyzer.kt:83)
	at org.jetbrains.kotlin.fir.resolve.inference.FirCallCompleter.runCompletionForCall$lambda$0(FirCallCompleter.kt:311)
	at org.jetbrains.kotlin.fir.resolve.inference.ConstraintSystemCompleter.runCompletion$lambda$5(ConstraintSystemCompleter.kt:165)
	at org.jetbrains.kotlin.resolve.calls.inference.components.ConstraintSystemCompletionContext.analyzeNextReadyPostponedArgument(ConstraintSystemCompletionContext.kt:66)
	at org.jetbrains.kotlin.fir.resolve.inference.ConstraintSystemCompleter.runCompletion(ConstraintSystemCompleter.kt:164)
	at org.jetbrains.kotlin.fir.resolve.inference.ConstraintSystemCompleter.complete(ConstraintSystemCompleter.kt:54)
	at org.jetbrains.kotlin.fir.resolve.inference.FirCallCompleter.runCompletionForCall(FirCallCompleter.kt:304)
	at org.jetbrains.kotlin.fir.resolve.inference.FirCallCompleter.completeCall(FirCallCompleter.kt:135)
	at org.jetbrains.kotlin.fir.resolve.inference.FirCallCompleter.completeCall$default(FirCallCompleter.kt:73)
	at org.jetbrains.kotlin.fir.resolve.transformers.body.resolve.FirControlFlowStatementsResolveTransformer.transformWhenExpression$lambda$1(FirControlFlowStatementsResolveTransformer.kt:100)
	at org.jetbrains.kotlin.fir.resolve.transformers.body.resolve.BodyResolveContext.withWhenExpression(BodyResolveContext.kt:1125)
	at org.jetbrains.kotlin.fir.resolve.transformers.body.resolve.FirControlFlowStatementsResolveTransformer.transformWhenExpression(FirControlFlowStatementsResolveTransformer.kt:59)
	at org.jetbrains.kotlin.fir.resolve.transformers.body.resolve.FirAbstractBodyResolveTransformerDispatcher.transformWhenExpression(FirAbstractBodyResolveTransformerDispatcher.kt:697)
	at org.jetbrains.kotlin.fir.resolve.transformers.body.resolve.FirAbstractBodyResolveTransformerDispatcher.transformWhenExpression(FirAbstractBodyResolveTransformerDispatcher.kt:27)
	at org.jetbrains.kotlin.fir.expressions.FirWhenExpression.transform(FirWhenExpression.kt:38)
	at org.jetbrains.kotlin.fir.expressions.FirExpressionUtilKt.transformStatementsIndexed(FirExpressionUtil.kt:231)
	at org.jetbrains.kotlin.fir.resolve.transformers.body.resolve.FirExpressionsResolveTransformer.transformBlockInCurrentScope$resolve(FirExpressionsResolveTransformer.kt:755)
	at org.jetbrains.kotlin.fir.resolve.transformers.body.resolve.FirExpressionsResolveTransformer.transformBlock(FirExpressionsResolveTransformer.kt:746)
	at org.jetbrains.kotlin.fir.resolve.transformers.body.resolve.FirAbstractBodyResolveTransformerDispatcher.transformBlock(FirAbstractBodyResolveTransformerDispatcher.kt:236)
	at org.jetbrains.kotlin.fir.resolve.transformers.body.resolve.FirAbstractBodyResolveTransformerDispatcher.transformBlock(FirAbstractBodyResolveTransformerDispatcher.kt:27)
	at org.jetbrains.kotlin.fir.expressions.FirBlock.transform(FirBlock.kt:33)
	at org.jetbrains.kotlin.fir.resolve.transformers.body.resolve.FirPartialBodyResolveTransformer.transformElement(FirPartialBodyResolveTransformer.kt:36)
	at org.jetbrains.kotlin.fir.resolve.transformers.body.resolve.FirPartialBodyResolveTransformer.transformElement(FirPartialBodyResolveTransformer.kt:13)
	at org.jetbrains.kotlin.fir.visitors.FirTransformer.transformBlock(FirTransformer.kt:183)
	at org.jetbrains.kotlin.fir.expressions.FirBlock.transform(FirBlock.kt:33)
	at org.jetbrains.kotlin.fir.declarations.impl.FirAnonymousFunctionImpl.transformBody(FirAnonymousFunctionImpl.kt:134)
	at org.jetbrains.kotlin.fir.declarations.impl.FirAnonymousFunctionImpl.transformBody(FirAnonymousFunctionImpl.kt:33)
	at org.jetbrains.kotlin.fir.resolve.transformers.body.resolve.FirDeclarationsResolveTransformer.transformFunctionContent(FirDeclarationsResolveTransformer.kt:1110)
	at org.jetbrains.kotlin.fir.resolve.transformers.body.resolve.FirDeclarationsResolveTransformer.transformAnonymousFunctionBody$lambda$0(FirDeclarationsResolveTransformer.kt:1533)
	at org.jetbrains.kotlin.fir.resolve.transformers.body.resolve.BodyResolveContext.withAnonymousFunction(BodyResolveContext.kt:905)
	at org.jetbrains.kotlin.fir.resolve.transformers.body.resolve.FirDeclarationsResolveTransformer.transformAnonymousFunctionBody(FirDeclarationsResolveTransformer.kt:1523)
	at org.jetbrains.kotlin.fir.resolve.transformers.body.resolve.FirDeclarationsResolveTransformer.doTransformAnonymousFunctionBodyFromCallCompletion$resolve(FirDeclarationsResolveTransformer.kt:1510)
	at org.jetbrains.kotlin.fir.resolve.inference.FirCallCompleter$LambdaAnalyzerImpl.analyzeAndGetLambdaReturnArguments$lambda$5$2(FirCallCompleter.kt:485)
	at org.jetbrains.kotlin.fir.resolve.inference.FirPCLAInferenceSession.runWithSpecifiedCurrentCommonSystem(FirPCLAInferenceSession.kt:108)
	at org.jetbrains.kotlin.fir.resolve.inference.FirPCLAInferenceSession.runLambdaCompletion(FirPCLAInferenceSession.kt:99)
	at org.jetbrains.kotlin.fir.resolve.inference.FirCallCompleter$LambdaAnalyzerImpl.analyzeAndGetLambdaReturnArguments(FirCallCompleter.kt:484)
	at org.jetbrains.kotlin.fir.resolve.inference.PostponedArgumentsAnalyzer.analyzeLambda(PostponedArgumentsAnalyzer.kt:322)
	at org.jetbrains.kotlin.fir.resolve.inference.PostponedArgumentsAnalyzer.analyzeLambda$default(PostponedArgumentsAnalyzer.kt:268)
	at org.jetbrains.kotlin.fir.resolve.inference.PostponedArgumentsAnalyzer.analyze(PostponedArgumentsAnalyzer.kt:83)
	at org.jetbrains.kotlin.fir.resolve.inference.FirCallCompleter.runCompletionForCall$lambda$0(FirCallCompleter.kt:311)
	at org.jetbrains.kotlin.fir.resolve.inference.ConstraintSystemCompleter.runCompletion$lambda$5(ConstraintSystemCompleter.kt:165)
	at org.jetbrains.kotlin.resolve.calls.inference.components.ConstraintSystemCompletionContext.analyzeNextReadyPostponedArgument(ConstraintSystemCompletionContext.kt:66)
	at org.jetbrains.kotlin.fir.resolve.inference.ConstraintSystemCompleter.runCompletion(ConstraintSystemCompleter.kt:164)
	at org.jetbrains.kotlin.fir.resolve.inference.ConstraintSystemCompleter.complete(ConstraintSystemCompleter.kt:54)
	at org.jetbrains.kotlin.fir.resolve.inference.FirCallCompleter.runCompletionForCall(FirCallCompleter.kt:304)
	at org.jetbrains.kotlin.fir.resolve.inference.FirCallCompleter.completeCall(FirCallCompleter.kt:135)
	at org.jetbrains.kotlin.fir.resolve.inference.FirCallCompleter.completeCall$default(FirCallCompleter.kt:73)
	at org.jetbrains.kotlin.fir.resolve.transformers.body.resolve.FirControlFlowStatementsResolveTransformer.transformWhenExpression$lambda$1(FirControlFlowStatementsResolveTransformer.kt:100)
	at org.jetbrains.kotlin.fir.resolve.transformers.body.resolve.BodyResolveContext.withWhenExpression(BodyResolveContext.kt:1125)
	at org.jetbrains.kotlin.fir.resolve.transformers.body.resolve.FirControlFlowStatementsResolveTransformer.transformWhenExpression(FirControlFlowStatementsResolveTransformer.kt:59)
	at org.jetbrains.kotlin.fir.resolve.transformers.body.resolve.FirAbstractBodyResolveTransformerDispatcher.transformWhenExpression(FirAbstractBodyResolveTransformerDispatcher.kt:697)
	at org.jetbrains.kotlin.fir.resolve.transformers.body.resolve.FirAbstractBodyResolveTransformerDispatcher.transformWhenExpression(FirAbstractBodyResolveTransformerDispatcher.kt:27)
	at org.jetbrains.kotlin.fir.expressions.FirWhenExpression.transform(FirWhenExpression.kt:38)
	at org.jetbrains.kotlin.fir.expressions.FirExpressionUtilKt.transformStatementsIndexed(FirExpressionUtil.kt:231)
	at org.jetbrains.kotlin.fir.resolve.transformers.body.resolve.FirExpressionsResolveTransformer.transformBlockInCurrentScope$resolve(FirExpressionsResolveTransformer.kt:755)
	at org.jetbrains.kotlin.fir.resolve.transformers.body.resolve.FirExpressionsResolveTransformer.transformBlock(FirExpressionsResolveTransformer.kt:746)
	at org.jetbrains.kotlin.fir.resolve.transformers.body.resolve.FirAbstractBodyResolveTransformerDispatcher.transformBlock(FirAbstractBodyResolveTransformerDispatcher.kt:236)
	at org.jetbrains.kotlin.fir.resolve.transformers.body.resolve.FirAbstractBodyResolveTransformerDispatcher.transformBlock(FirAbstractBodyResolveTransformerDispatcher.kt:27)
	at org.jetbrains.kotlin.fir.expressions.FirBlock.transform(FirBlock.kt:33)
	at org.jetbrains.kotlin.fir.resolve.transformers.body.resolve.FirPartialBodyResolveTransformer.transformElement(FirPartialBodyResolveTransformer.kt:36)
	at org.jetbrains.kotlin.fir.resolve.transformers.body.resolve.FirPartialBodyResolveTransformer.transformElement(FirPartialBodyResolveTransformer.kt:13)
	at org.jetbrains.kotlin.fir.visitors.FirTransformer.transformBlock(FirTransformer.kt:183)
	at org.jetbrains.kotlin.fir.expressions.FirBlock.transform(FirBlock.kt:33)
	at org.jetbrains.kotlin.fir.declarations.impl.FirAnonymousFunctionImpl.transformBody(FirAnonymousFunctionImpl.kt:134)
	at org.jetbrains.kotlin.fir.declarations.impl.FirAnonymousFunctionImpl.transformBody(FirAnonymousFunctionImpl.kt:33)
	at org.jetbrains.kotlin.fir.resolve.transformers.body.resolve.FirDeclarationsResolveTransformer.transformFunctionContent(FirDeclarationsResolveTransformer.kt:1110)
	at org.jetbrains.kotlin.fir.resolve.transformers.body.resolve.FirDeclarationsResolveTransformer.transformAnonymousFunctionBody$lambda$0(FirDeclarationsResolveTransformer.kt:1533)
	at org.jetbrains.kotlin.fir.resolve.transformers.body.resolve.BodyResolveContext.withAnonymousFunction(BodyResolveContext.kt:905)
	at org.jetbrains.kotlin.fir.resolve.transformers.body.resolve.FirDeclarationsResolveTransformer.transformAnonymousFunctionBody(FirDeclarationsResolveTransformer.kt:1523)
	at org.jetbrains.kotlin.fir.resolve.transformers.body.resolve.FirDeclarationsResolveTransformer.doTransformAnonymousFunctionBodyFromCallCompletion$resolve(FirDeclarationsResolveTransformer.kt:1510)
	at org.jetbrains.kotlin.fir.resolve.inference.FirCallCompleter$LambdaAnalyzerImpl.analyzeAndGetLambdaReturnArguments$lambda$5$2(FirCallCompleter.kt:485)
	at org.jetbrains.kotlin.fir.resolve.inference.FirPCLAInferenceSession.runWithSpecifiedCurrentCommonSystem(FirPCLAInferenceSession.kt:108)
	at org.jetbrains.kotlin.fir.resolve.inference.FirPCLAInferenceSession.runLambdaCompletion(FirPCLAInferenceSession.kt:99)
	at org.jetbrains.kotlin.fir.resolve.inference.FirCallCompleter$LambdaAnalyzerImpl.analyzeAndGetLambdaReturnArguments(FirCallCompleter.kt:484)
	at org.jetbrains.kotlin.fir.resolve.inference.PostponedArgumentsAnalyzer.analyzeLambda(PostponedArgumentsAnalyzer.kt:322)
	at org.jetbrains.kotlin.fir.resolve.inference.PostponedArgumentsAnalyzer.analyzeLambda$default(PostponedArgumentsAnalyzer.kt:268)
	at org.jetbrains.kotlin.fir.resolve.inference.PostponedArgumentsAnalyzer.analyze(PostponedArgumentsAnalyzer.kt:80)
	at org.jetbrains.kotlin.fir.resolve.inference.FirCallCompleter.runCompletionForCall$lambda$0(FirCallCompleter.kt:311)
	at org.jetbrains.kotlin.fir.resolve.inference.ConstraintSystemCompleter.runCompletion$lambda$0(ConstraintSystemCompleter.kt:79)
	at org.jetbrains.kotlin.resolve.calls.inference.components.ConstraintSystemCompletionContext.analyzeArgumentWithFixedParameterTypes(ConstraintSystemCompletionContext.kt:50)
	at org.jetbrains.kotlin.fir.resolve.inference.ConstraintSystemCompleter.runCompletion(ConstraintSystemCompleter.kt:78)
	at org.jetbrains.kotlin.fir.resolve.inference.ConstraintSystemCompleter.complete(ConstraintSystemCompleter.kt:54)
	at org.jetbrains.kotlin.fir.resolve.inference.FirCallCompleter.runCompletionForCall(FirCallCompleter.kt:304)
	at org.jetbrains.kotlin.fir.resolve.inference.FirCallCompleter.completeCall(FirCallCompleter.kt:135)
	at org.jetbrains.kotlin.fir.resolve.transformers.body.resolve.FirExpressionsResolveTransformer.transformFunctionCallInternal$resolve(FirExpressionsResolveTransformer.kt:598)
	at org.jetbrains.kotlin.fir.resolve.transformers.body.resolve.FirExpressionsResolveTransformer.transformFunctionCall(FirExpressionsResolveTransformer.kt:521)
	at org.jetbrains.kotlin.fir.resolve.transformers.body.resolve.FirAbstractBodyResolveTransformerDispatcher.transformFunctionCall(FirAbstractBodyResolveTransformerDispatcher.kt:209)
	at org.jetbrains.kotlin.fir.resolve.transformers.body.resolve.FirAbstractBodyResolveTransformerDispatcher.transformFunctionCall(FirAbstractBodyResolveTransformerDispatcher.kt:27)
	at org.jetbrains.kotlin.fir.expressions.FirFunctionCall.transform(FirFunctionCall.kt:45)
	at org.jetbrains.kotlin.fir.declarations.impl.FirPropertyImpl.transformInitializer(FirPropertyImpl.kt:124)
	at org.jetbrains.kotlin.fir.declarations.impl.FirPropertyImpl.transformInitializer(FirPropertyImpl.kt:33)
	at org.jetbrains.kotlin.fir.resolve.transformers.body.resolve.FirDeclarationsResolveTransformer.transformLocalVariable(FirDeclarationsResolveTransformer.kt:681)
	at org.jetbrains.kotlin.fir.resolve.transformers.body.resolve.FirDeclarationsResolveTransformer.transformProperty(FirDeclarationsResolveTransformer.kt:169)
	at org.jetbrains.kotlin.fir.resolve.transformers.body.resolve.FirAbstractBodyResolveTransformerDispatcher.transformProperty(FirAbstractBodyResolveTransformerDispatcher.kt:512)
	at org.jetbrains.kotlin.fir.resolve.transformers.body.resolve.FirImplicitAwareBodyResolveTransformer.transformProperty$lambda$0(FirImplicitBodyResolve.kt:160)
	at org.jetbrains.kotlin.fir.resolve.transformers.body.resolve.ImplicitBodyResolveComputationSession.executeTransformation(FirImplicitBodyResolve.kt:418)
	at org.jetbrains.kotlin.fir.resolve.transformers.body.resolve.ImplicitBodyResolveComputationSession.compute$resolve(FirImplicitBodyResolve.kt:423)
	at org.jetbrains.kotlin.fir.resolve.transformers.body.resolve.FirImplicitAwareBodyResolveTransformer.computeCachedTransformationResult(FirImplicitBodyResolve.kt:187)
	at org.jetbrains.kotlin.fir.resolve.transformers.body.resolve.FirImplicitAwareBodyResolveTransformer.transformProperty(FirImplicitBodyResolve.kt:159)
	at org.jetbrains.kotlin.fir.resolve.transformers.body.resolve.FirImplicitAwareBodyResolveTransformer.transformProperty(FirImplicitBodyResolve.kt:116)
	at org.jetbrains.kotlin.fir.declarations.FirProperty.transform(FirProperty.kt:62)
	at org.jetbrains.kotlin.fir.expressions.FirExpressionUtilKt.transformStatementsIndexed(FirExpressionUtil.kt:231)
	at org.jetbrains.kotlin.fir.resolve.transformers.body.resolve.FirExpressionsResolveTransformer.transformBlockInCurrentScope$resolve(FirExpressionsResolveTransformer.kt:755)
	at org.jetbrains.kotlin.fir.resolve.transformers.body.resolve.FirExpressionsResolveTransformer.transformBlock(FirExpressionsResolveTransformer.kt:746)
	at org.jetbrains.kotlin.fir.resolve.transformers.body.resolve.FirAbstractBodyResolveTransformerDispatcher.transformBlock(FirAbstractBodyResolveTransformerDispatcher.kt:236)
	at org.jetbrains.kotlin.fir.resolve.transformers.body.resolve.FirAbstractBodyResolveTransformerDispatcher.transformBlock(FirAbstractBodyResolveTransformerDispatcher.kt:27)
	at org.jetbrains.kotlin.fir.expressions.FirBlock.transform(FirBlock.kt:33)
	at org.jetbrains.kotlin.fir.resolve.transformers.body.resolve.FirPartialBodyResolveTransformer.transformElement(FirPartialBodyResolveTransformer.kt:36)
	at org.jetbrains.kotlin.fir.resolve.transformers.body.resolve.FirPartialBodyResolveTransformer.transformElement(FirPartialBodyResolveTransformer.kt:13)
	at org.jetbrains.kotlin.fir.visitors.FirTransformer.transformBlock(FirTransformer.kt:183)
	at org.jetbrains.kotlin.fir.expressions.FirBlock.transform(FirBlock.kt:33)
	at org.jetbrains.kotlin.fir.declarations.impl.FirAnonymousFunctionImpl.transformBody(FirAnonymousFunctionImpl.kt:134)
	at org.jetbrains.kotlin.fir.declarations.impl.FirAnonymousFunctionImpl.transformBody(FirAnonymousFunctionImpl.kt:33)
	at org.jetbrains.kotlin.fir.resolve.transformers.body.resolve.FirDeclarationsResolveTransformer.transformFunctionContent(FirDeclarationsResolveTransformer.kt:1110)
	at org.jetbrains.kotlin.fir.resolve.transformers.body.resolve.FirDeclarationsResolveTransformer.transformAnonymousFunctionBody$lambda$0(FirDeclarationsResolveTransformer.kt:1533)
	at org.jetbrains.kotlin.fir.resolve.transformers.body.resolve.BodyResolveContext.withAnonymousFunction(BodyResolveContext.kt:905)
	at org.jetbrains.kotlin.fir.resolve.transformers.body.resolve.FirDeclarationsResolveTransformer.transformAnonymousFunctionBody(FirDeclarationsResolveTransformer.kt:1523)
	at org.jetbrains.kotlin.fir.resolve.transformers.body.resolve.FirDeclarationsResolveTransformer.doTransformAnonymousFunctionBodyFromCallCompletion$resolve(FirDeclarationsResolveTransformer.kt:1513)
	at org.jetbrains.kotlin.fir.resolve.inference.FirCallCompleter$LambdaAnalyzerImpl.analyzeAndGetLambdaReturnArguments$lambda$5$2(FirCallCompleter.kt:485)
	at org.jetbrains.kotlin.fir.resolve.inference.FirPCLAInferenceSession.runWithSpecifiedCurrentCommonSystem(FirPCLAInferenceSession.kt:108)
	at org.jetbrains.kotlin.fir.resolve.inference.FirPCLAInferenceSession.runLambdaCompletion(FirPCLAInferenceSession.kt:99)
	at org.jetbrains.kotlin.fir.resolve.inference.FirCallCompleter$LambdaAnalyzerImpl.analyzeAndGetLambdaReturnArguments(FirCallCompleter.kt:484)
	at org.jetbrains.kotlin.fir.resolve.inference.PostponedArgumentsAnalyzer.analyzeLambda(PostponedArgumentsAnalyzer.kt:322)
	at org.jetbrains.kotlin.fir.resolve.inference.PostponedArgumentsAnalyzer.analyzeLambda$default(PostponedArgumentsAnalyzer.kt:268)
	at org.jetbrains.kotlin.fir.resolve.inference.PostponedArgumentsAnalyzer.analyze(PostponedArgumentsAnalyzer.kt:80)
	at org.jetbrains.kotlin.fir.resolve.inference.FirCallCompleter.runCompletionForCall$lambda$0(FirCallCompleter.kt:311)
	at org.jetbrains.kotlin.fir.resolve.inference.ConstraintSystemCompleter.runCompletion$lambda$0(ConstraintSystemCompleter.kt:79)
	at org.jetbrains.kotlin.resolve.calls.inference.components.ConstraintSystemCompletionContext.analyzeArgumentWithFixedParameterTypes(ConstraintSystemCompletionContext.kt:50)
	at org.jetbrains.kotlin.fir.resolve.inference.ConstraintSystemCompleter.runCompletion(ConstraintSystemCompleter.kt:78)
	at org.jetbrains.kotlin.fir.resolve.inference.ConstraintSystemCompleter.complete(ConstraintSystemCompleter.kt:54)
	at org.jetbrains.kotlin.fir.resolve.inference.FirCallCompleter.runCompletionForCall(FirCallCompleter.kt:304)
	at org.jetbrains.kotlin.fir.resolve.inference.FirCallCompleter.completeCall(FirCallCompleter.kt:135)
	at org.jetbrains.kotlin.fir.resolve.transformers.body.resolve.FirExpressionsResolveTransformer.transformFunctionCallInternal$resolve(FirExpressionsResolveTransformer.kt:598)
	at org.jetbrains.kotlin.fir.resolve.transformers.body.resolve.FirExpressionsResolveTransformer.transformFunctionCall(FirExpressionsResolveTransformer.kt:521)
	at org.jetbrains.kotlin.fir.resolve.transformers.body.resolve.FirAbstractBodyResolveTransformerDispatcher.transformFunctionCall(FirAbstractBodyResolveTransformerDispatcher.kt:209)
	at org.jetbrains.kotlin.fir.resolve.transformers.body.resolve.FirAbstractBodyResolveTransformerDispatcher.transformFunctionCall(FirAbstractBodyResolveTransformerDispatcher.kt:27)
	at org.jetbrains.kotlin.fir.expressions.FirFunctionCall.transform(FirFunctionCall.kt:45)
	at org.jetbrains.kotlin.fir.expressions.FirExpressionUtilKt.transformStatementsIndexed(FirExpressionUtil.kt:231)
	at org.jetbrains.kotlin.fir.resolve.transformers.body.resolve.FirExpressionsResolveTransformer.transformBlockInCurrentScope$resolve(FirExpressionsResolveTransformer.kt:755)
	at org.jetbrains.kotlin.fir.resolve.transformers.body.resolve.FirExpressionsResolveTransformer.transformBlock(FirExpressionsResolveTransformer.kt:746)
	at org.jetbrains.kotlin.fir.resolve.transformers.body.resolve.FirAbstractBodyResolveTransformerDispatcher.transformBlock(FirAbstractBodyResolveTransformerDispatcher.kt:236)
	at org.jetbrains.kotlin.fir.resolve.transformers.body.resolve.FirAbstractBodyResolveTransformerDispatcher.transformBlock(FirAbstractBodyResolveTransformerDispatcher.kt:27)
	at org.jetbrains.kotlin.fir.expressions.FirBlock.transform(FirBlock.kt:33)
	at org.jetbrains.kotlin.fir.resolve.transformers.body.resolve.FirPartialBodyResolveTransformer.transformElement(FirPartialBodyResolveTransformer.kt:36)
	at org.jetbrains.kotlin.fir.resolve.transformers.body.resolve.FirPartialBodyResolveTransformer.transformElement(FirPartialBodyResolveTransformer.kt:13)
	at org.jetbrains.kotlin.fir.visitors.FirTransformer.transformBlock(FirTransformer.kt:183)
	at org.jetbrains.kotlin.fir.expressions.FirBlock.transform(FirBlock.kt:33)


